date,open,high,low,close,volume,symbol
2020-01-02,63.25,65.03,63.25,64.67,6671068.0,WDC
2020-01-03,62.94,64.36,62.6,63.66,3958325.0,WDC
2020-01-06,62.01,63.6,61.8,62.42,4085887.0,WDC
2020-01-07,64.26,67.03,63.58,66.71,11128846.0,WDC
2020-01-08,66.26,68.05,65.68,67.69,6604507.0,WDC
2020-01-09,68.44,68.72,66.34,67.67,5192468.0,WDC
2020-01-10,67.94,68.08,66.71,66.99,4484754.0,WDC
2020-01-13,67.61,68.73,67.28,68.18,4162372.0,WDC
2020-01-14,68.25,69.55,67.95,68.26,4496716.0,WDC
2020-01-15,67.44,67.63,65.09,65.72,5841333.0,WDC
2020-01-16,67.09,67.95,66.71,67.72,5229611.0,WDC
2020-01-17,68.81,68.85,66.91,67.31,4217124.0,WDC
2020-01-21,66.62,68.04,66.52,67.84,5044372.0,WDC
2020-01-22,68.09,68.86,67.33,67.69,3026423.0,WDC
2020-01-23,69.41,71.05,67.69,69.98,6943513.0,WDC
2020-01-24,70.76,70.81,67.94,68.57,4444582.0,WDC
2020-01-27,65.32,66.55,64.37,65.71,4577904.0,WDC
2020-01-28,66.53,67.88,65.47,67.46,3430899.0,WDC
2020-01-29,67.23,67.67,65.67,65.81,3125461.0,WDC
2020-01-30,64.44,66.02,63.56,66.01,8747718.0,WDC
2020-01-31,68.21,68.55,64.22,64.55,14053238.0,WDC
2020-02-03,64.65,68.1,63.74,66.29,5782183.0,WDC
2020-02-04,68.05,68.93,67.4,67.48,4744994.0,WDC
2020-02-05,68.49,69.53,66.46,67.16,4870685.0,WDC
2020-02-06,67.83,68.18,66.69,67.75,3730207.0,WDC
2020-02-07,67.1,67.29,65.94,66.08,4041496.0,WDC
2020-02-10,65.45,67.07,65.31,67.07,3084721.0,WDC
2020-02-11,68.19,68.85,67.29,67.97,3871019.0,WDC
2020-02-12,68.75,70.35,68.75,69.4,3981744.0,WDC
2020-02-13,68.21,70.14,68.09,68.63,3670541.0,WDC
2020-02-14,69.19,69.32,67.39,68.3,3204401.0,WDC
2020-02-18,66.77,67.48,66.06,67.36,2652294.0,WDC
2020-02-19,68.03,69.33,67.85,68.61,2669445.0,WDC
2020-02-20,68.65,68.75,66.48,68.11,2374047.0,WDC
2020-02-21,67.53,67.82,65.2,66.03,4101415.0,WDC
2020-02-24,62.65,63.99,62.19,62.61,5069363.0,WDC
2020-02-25,62.68,63.16,58.15,58.58,5893922.0,WDC
2020-02-26,58.92,60.78,58.38,58.67,4826174.0,WDC
2020-02-27,56.15,57.44,53.99,54.22,6394375.0,WDC
2020-02-28,51.3,54.76,50.83,54.61,7883311.0,WDC
2020-03-02,56.4,59.12,55.43,59.09,7553340.0,WDC
2020-03-03,58.65,60.01,55.39,55.98,5420660.0,WDC
2020-03-04,57.39,58.33,55.8,58.19,5143228.0,WDC
2020-03-05,55.93,58.61,55.83,56.76,4487424.0,WDC
2020-03-06,54.1,56.13,52.42,53.78,6009218.0,WDC
2020-03-09,48.61,49.7,46.37,46.45,6745233.0,WDC
2020-03-10,49.02,49.55,45.48,49.0,7446980.0,WDC
2020-03-11,46.87,47.01,43.24,44.19,7664497.0,WDC
2020-03-12,39.69,42.1,35.86,38.16,9630491.0,WDC
2020-03-13,41.86,42.18,37.43,40.87,8374995.0,WDC
2020-03-16,34.39,36.82,32.18,32.32,8872803.0,WDC
2020-03-17,33.28,36.05,30.05,33.1,10273483.0,WDC
2020-03-18,30.1,31.05,26.99,28.24,8865246.0,WDC
2020-03-19,28.25,31.58,26.45,30.39,6842358.0,WDC
2020-03-20,31.4,33.88,30.05,30.1,9268984.0,WDC
2020-03-23,31.14,34.05,29.25,33.42,10503799.0,WDC
2020-03-24,36.64,40.4,35.66,39.52,10365317.0,WDC
2020-03-25,39.85,44.46,37.99,40.68,9430265.0,WDC
2020-03-26,42.54,45.24,41.75,43.34,8749423.0,WDC
2020-03-27,41.41,42.73,39.62,41.3,6539313.0,WDC
2020-03-30,41.8,43.63,40.87,42.56,5753302.0,WDC
2020-03-31,42.15,43.18,40.12,40.67,6806333.0,WDC
2020-04-01,38.75,40.33,36.96,37.72,6616612.0,WDC
2020-04-02,38.11,40.24,36.98,37.95,5425091.0,WDC
2020-04-03,38.16,38.93,37.05,37.76,3423070.0,WDC
2020-04-06,40.19,43.23,40.19,42.86,6465827.0,WDC
2020-04-07,45.1,46.73,42.21,42.41,7256582.0,WDC
2020-04-08,43.31,45.47,43.06,44.89,4974349.0,WDC
2020-04-09,46.26,47.71,43.13,44.6,6497568.0,WDC
2020-04-13,43.82,44.36,42.36,43.31,5688647.0,WDC
2020-04-14,44.31,45.45,43.75,44.32,5780532.0,WDC
2020-04-15,42.7,43.14,41.35,42.2,5064074.0,WDC
2020-04-16,42.34,42.55,39.95,40.63,6075270.0,WDC
2020-04-17,42.69,42.71,41.21,41.87,5856718.0,WDC
2020-04-20,41.13,41.13,39.04,39.1,7781381.0,WDC
2020-04-21,38.11,38.54,37.24,37.38,6168118.0,WDC
2020-04-22,38.76,39.91,38.45,39.48,4630055.0,WDC
2020-04-23,39.61,40.18,38.56,38.94,5167476.0,WDC
2020-04-24,39.22,40.46,38.59,40.24,4207982.0,WDC
2020-04-27,40.84,42.8,40.76,42.64,4864794.0,WDC
2020-04-28,43.87,44.59,42.86,44.25,6040273.0,WDC
2020-04-29,45.55,48.38,44.84,47.28,8785571.0,WDC
2020-04-30,46.7,46.77,44.76,45.63,9258643.0,WDC
2020-05-01,40.05,40.99,37.97,40.03,25139144.0,WDC
2020-05-04,39.5,40.18,38.4,39.22,8890750.0,WDC
2020-05-05,40.07,41.5,39.69,39.89,6205869.0,WDC
2020-05-06,40.33,41.29,39.84,40.18,3930238.0,WDC
2020-05-07,40.98,41.63,40.61,41.4,4434134.0,WDC
2020-05-08,42.2,43.85,42.17,43.75,4858854.0,WDC
2020-05-11,42.88,42.88,41.4,41.94,5175044.0,WDC
2020-05-12,42.49,42.6,40.52,40.53,5158876.0,WDC
2020-05-13,40.35,40.52,38.39,38.8,6359138.0,WDC
2020-05-14,38.16,39.95,37.2,39.89,5743852.0,WDC
2020-05-15,38.59,39.36,38.16,38.76,5521652.0,WDC
2020-05-18,40.36,42.07,40.25,41.93,6081976.0,WDC
2020-05-19,41.85,42.5,41.06,41.29,4186730.0,WDC
2020-05-20,42.65,43.8,41.94,42.53,5737875.0,WDC
2020-05-21,42.26,42.9,41.5,42.24,4297123.0,WDC
2020-05-22,42.43,42.44,41.46,41.97,3430267.0,WDC
2020-05-26,43.91,45.34,43.42,44.62,5612611.0,WDC
2020-05-27,45.05,45.86,42.71,45.56,8902094.0,WDC
2020-05-28,45.01,45.11,43.03,43.17,4323522.0,WDC
2020-05-29,43.27,44.09,42.31,43.92,5368133.0,WDC
2020-06-01,42.95,43.33,42.33,42.63,4661098.0,WDC
2020-06-02,42.71,43.6,42.43,43.55,4428754.0,WDC
2020-06-03,44.6,45.36,44.24,44.99,4904008.0,WDC
2020-06-04,44.55,46.23,44.02,45.53,6973048.0,WDC
2020-06-05,47.74,49.43,46.96,48.01,7708150.0,WDC
2020-06-08,49.0,49.07,47.11,48.08,5376699.0,WDC
2020-06-09,46.94,47.67,46.43,47.38,4124048.0,WDC
2020-06-10,47.43,47.55,45.89,46.4,4894544.0,WDC
2020-06-11,44.17,44.22,41.88,41.9,8163905.0,WDC
2020-06-12,43.49,44.22,41.32,42.5,5663438.0,WDC
2020-06-15,41.01,42.73,40.32,42.48,5784502.0,WDC
2020-06-16,44.71,45.66,43.18,44.02,5665738.0,WDC
2020-06-17,44.42,44.42,43.06,43.26,3987571.0,WDC
2020-06-18,42.83,43.07,42.02,42.37,3975921.0,WDC
2020-06-19,42.97,44.57,42.75,43.94,14270585.0,WDC
2020-06-22,45.06,45.09,43.3,44.66,5926742.0,WDC
2020-06-23,44.91,45.04,42.85,43.06,5662818.0,WDC
2020-06-24,42.94,42.97,41.48,41.8,5723337.0,WDC
2020-06-25,41.44,42.24,40.92,42.12,4205321.0,WDC
2020-06-26,41.92,42.02,40.26,40.42,5741264.0,WDC
2020-06-29,40.64,41.77,40.15,41.54,3729060.0,WDC
2020-06-30,42.77,43.86,42.37,43.7,6924848.0,WDC
2020-07-01,43.56,43.68,41.6,42.0,6047562.0,WDC
2020-07-02,42.57,42.94,41.74,41.99,3900242.0,WDC
2020-07-06,42.82,43.3,42.1,42.5,4343903.0,WDC
2020-07-07,41.95,42.39,41.05,41.27,4684557.0,WDC
2020-07-08,41.48,42.35,41.14,42.35,3724716.0,WDC
2020-07-09,42.37,42.55,40.96,41.87,3716193.0,WDC
2020-07-10,41.67,42.04,41.01,41.86,3259777.0,WDC
2020-07-13,42.25,42.68,41.38,41.4,4530304.0,WDC
2020-07-14,40.93,41.73,40.12,41.6,3878549.0,WDC
2020-07-15,42.54,43.73,42.23,43.62,4840671.0,WDC
2020-07-16,43.05,43.81,42.74,43.35,3271221.0,WDC
2020-07-17,43.7,43.7,42.59,42.96,2285364.0,WDC
2020-07-20,42.65,43.42,42.32,43.13,3092703.0,WDC
2020-07-21,43.51,44.51,43.36,43.72,4118193.0,WDC
2020-07-22,43.65,43.79,43.03,43.51,3254885.0,WDC
2020-07-23,43.49,46.94,43.47,45.71,11060838.0,WDC
2020-07-24,44.91,45.0,42.26,42.4,8032813.0,WDC
2020-07-27,42.79,43.31,42.1,43.28,3958238.0,WDC
2020-07-28,42.95,43.38,42.32,42.4,3130970.0,WDC
2020-07-29,41.64,42.5,41.39,41.97,5388698.0,WDC
2020-07-30,41.44,42.36,40.94,42.31,3518323.0,WDC
2020-07-31,42.46,42.69,41.58,42.65,3884499.0,WDC
2020-08-03,42.7,43.54,41.96,43.45,4065199.0,WDC
2020-08-04,42.98,44.33,42.92,44.31,3705400.0,WDC
2020-08-05,44.57,44.91,43.61,44.02,6667662.0,WDC
2020-08-06,38.65,38.76,36.45,36.85,33840386.0,WDC
2020-08-07,36.94,37.45,36.05,36.55,10250035.0,WDC
2020-08-10,36.75,37.33,36.27,36.91,7860907.0,WDC
2020-08-11,37.06,37.68,36.43,36.53,6146691.0,WDC
2020-08-12,36.86,36.87,36.06,36.32,6282319.0,WDC
2020-08-13,35.95,36.14,35.18,35.29,8348437.0,WDC
2020-08-14,35.25,35.62,34.97,35.29,4911389.0,WDC
2020-08-17,35.46,35.6,35.01,35.15,3314935.0,WDC
2020-08-18,35.21,35.21,34.12,34.26,6237590.0,WDC
2020-08-19,34.45,34.82,33.89,34.0,5148368.0,WDC
2020-08-20,33.35,33.92,33.15,33.65,4880406.0,WDC
2020-08-21,33.26,33.48,33.08,33.26,5072780.0,WDC
2020-08-24,33.51,34.18,33.28,34.09,5653514.0,WDC
2020-08-25,34.35,34.99,33.76,33.86,4871448.0,WDC
2020-08-26,34.16,34.16,33.59,33.85,4202346.0,WDC
2020-08-27,34.14,34.89,33.43,34.79,6727872.0,WDC
2020-08-28,35.01,37.41,34.91,37.39,11744283.0,WDC
2020-08-31,37.23,38.08,36.71,37.97,9257805.0,WDC
2020-09-01,37.6,37.89,36.38,36.89,5965388.0,WDC
2020-09-02,37.24,38.81,37.23,38.41,7418189.0,WDC
2020-09-03,38.11,38.36,36.25,37.26,7364717.0,WDC
2020-09-04,37.24,37.93,36.64,37.71,7504894.0,WDC
2020-09-08,36.58,37.07,35.96,36.0,5720266.0,WDC
2020-09-09,36.23,36.4,35.18,36.1,5987493.0,WDC
2020-09-10,36.35,36.74,35.59,35.8,5181046.0,WDC
2020-09-11,36.05,37.36,35.81,36.92,6350171.0,WDC
2020-09-14,37.55,38.55,37.55,38.49,6047201.0,WDC
2020-09-15,38.64,38.64,37.13,37.34,4986474.0,WDC
2020-09-16,37.64,38.94,37.56,38.34,6011343.0,WDC
2020-09-17,37.34,38.26,36.95,37.83,4082494.0,WDC
2020-09-18,37.89,37.94,36.24,36.76,6720228.0,WDC
2020-09-21,35.97,36.02,35.12,35.64,4837610.0,WDC
2020-09-22,35.94,36.17,35.54,36.02,3351434.0,WDC
2020-09-23,38.22,40.67,38.11,38.47,13628613.0,WDC
2020-09-24,38.0,38.19,36.96,37.08,5381953.0,WDC
2020-09-25,36.93,38.06,36.5,38.02,3851626.0,WDC
2020-09-28,38.4,38.79,37.95,38.17,5223753.0,WDC
2020-09-29,38.0,39.6,38.0,38.87,6681799.0,WDC
2020-09-30,37.33,37.57,36.02,36.1,14137993.0,WDC
2020-10-01,36.36,36.58,35.64,35.88,7795541.0,WDC
2020-10-02,35.05,36.13,34.84,35.51,5366568.0,WDC
2020-10-05,35.78,36.49,35.75,36.12,5200353.0,WDC
2020-10-06,36.18,36.67,35.72,35.81,4740294.0,WDC
2020-10-07,36.54,37.37,36.26,37.1,5259611.0,WDC
2020-10-08,37.53,38.37,37.44,38.25,4612982.0,WDC
2020-10-09,38.89,39.1,37.52,37.67,4724386.0,WDC
2020-10-12,37.63,38.01,37.15,37.87,5258784.0,WDC
2020-10-13,38.01,38.54,37.29,37.4,4253997.0,WDC
2020-10-14,37.65,37.89,37.18,37.28,3482488.0,WDC
2020-10-15,36.71,37.58,36.39,37.55,3676308.0,WDC
2020-10-16,37.64,38.46,37.13,37.49,17427812.0,WDC
2020-10-19,37.8,41.51,37.59,40.47,17145050.0,WDC
2020-10-20,40.45,41.39,40.35,40.96,7437669.0,WDC
2020-10-21,41.33,42.07,41.24,41.61,6871254.0,WDC
2020-10-22,41.64,43.32,41.2,42.49,6104819.0,WDC
2020-10-23,42.06,42.29,40.86,41.27,6695990.0,WDC
2020-10-26,40.89,41.02,39.39,40.05,4886861.0,WDC
2020-10-27,39.88,40.31,39.55,39.87,4004552.0,WDC
2020-10-28,38.18,39.15,38.15,38.36,5631707.0,WDC
2020-10-29,37.6,38.27,36.93,37.66,6438434.0,WDC
2020-10-30,37.53,37.79,36.52,37.28,5068947.0,WDC
2020-11-02,37.64,37.64,36.14,36.58,5401003.0,WDC
2020-11-03,37.18,37.64,36.86,37.03,4316659.0,WDC
2020-11-04,37.36,37.48,36.25,37.06,4179872.0,WDC
2020-11-05,37.3,38.79,37.28,38.7,4546694.0,WDC
2020-11-06,38.85,39.62,38.65,39.36,3048502.0,WDC
2020-11-09,41.05,42.51,40.71,41.03,5957574.0,WDC
2020-11-10,40.95,41.45,40.46,40.82,3961671.0,WDC
2020-11-11,41.22,41.48,39.91,40.15,3642383.0,WDC
2020-11-12,39.83,40.01,38.51,38.86,4068725.0,WDC
2020-11-13,39.35,41.12,39.2,41.02,4985142.0,WDC
2020-11-16,42.19,43.14,41.74,43.13,5560313.0,WDC
2020-11-17,42.57,42.72,41.71,42.27,3662032.0,WDC
2020-11-18,42.37,42.98,42.02,42.04,3907046.0,WDC
2020-11-19,41.69,42.22,41.35,42.16,2612719.0,WDC
2020-11-20,42.13,42.71,41.95,41.97,2584352.0,WDC
2020-11-23,42.33,44.29,42.16,44.03,5795055.0,WDC
2020-11-24,44.64,45.5,44.2,45.39,4534588.0,WDC
2020-11-25,45.06,45.18,44.0,44.81,3207727.0,WDC
2020-11-27,44.84,45.77,44.84,45.4,2118507.0,WDC
2020-11-30,45.52,46.09,44.29,44.43,4834136.0,WDC
2020-12-01,45.02,47.67,44.91,46.82,6727428.0,WDC
2020-12-02,46.71,47.47,46.48,47.27,4515969.0,WDC
2020-12-03,47.67,48.56,47.19,48.03,4704588.0,WDC
2020-12-04,48.55,51.37,48.46,51.3,6454364.0,WDC
2020-12-07,51.49,52.04,50.5,50.69,4720829.0,WDC
2020-12-08,50.36,52.01,50.32,51.97,3601833.0,WDC
2020-12-09,52.15,52.76,50.15,50.65,4666266.0,WDC
2020-12-10,49.54,51.51,49.46,51.16,3740601.0,WDC
2020-12-11,50.23,51.26,50.11,50.64,3134564.0,WDC
2020-12-14,51.35,51.94,50.59,50.69,3596360.0,WDC
2020-12-15,51.73,53.14,51.43,53.13,4891682.0,WDC
2020-12-16,53.25,53.49,52.41,52.57,2985225.0,WDC
2020-12-17,52.9,53.06,52.41,53.01,2997471.0,WDC
2020-12-18,53.19,54.14,52.51,52.74,6978013.0,WDC
2020-12-21,51.17,52.01,51.0,51.76,3817443.0,WDC
2020-12-22,51.76,51.94,49.23,49.27,4115432.0,WDC
2020-12-23,49.5,50.15,48.96,49.48,2685488.0,WDC
2020-12-24,49.86,49.93,48.9,49.47,1224521.0,WDC
2020-12-28,50.14,50.52,49.18,49.61,2763401.0,WDC
2020-12-29,50.19,50.19,47.78,47.84,4622375.0,WDC
2020-12-30,47.83,49.84,47.83,49.08,3965382.0,WDC
2020-12-31,49.45,55.5,49.36,54.94,15479810.0,WDC
2021-01-04,54.5,54.87,51.59,51.78,7496089.0,WDC
2021-01-05,52.21,53.56,52.2,52.61,3869985.0,WDC
2021-01-06,52.6,54.15,52.19,52.96,4521080.0,WDC
2021-01-07,53.65,54.94,53.46,54.29,4404521.0,WDC
2021-01-08,54.94,55.0,50.82,51.37,7544368.0,WDC
2021-01-11,50.4,51.75,50.16,51.11,3540138.0,WDC
2021-01-12,51.04,51.28,49.3,49.45,4926580.0,WDC
2021-01-13,49.04,49.3,48.17,49.02,6435153.0,WDC
2021-01-14,49.11,50.68,48.49,49.92,4606717.0,WDC
2021-01-15,49.74,51.67,49.53,50.76,5866794.0,WDC
2021-01-19,51.03,51.71,50.25,51.54,3607320.0,WDC
2021-01-20,52.13,52.47,50.93,51.37,2937487.0,WDC
2021-01-21,51.42,53.39,51.38,53.06,4356402.0,WDC
2021-01-22,51.63,51.91,49.71,50.26,5237347.0,WDC
2021-01-25,50.25,50.91,49.72,50.83,3260978.0,WDC
2021-01-26,51.34,52.15,51.04,51.61,3656701.0,WDC
2021-01-27,50.55,54.99,50.33,52.74,8690161.0,WDC
2021-01-28,53.1,53.43,51.62,52.2,6740324.0,WDC
2021-01-29,58.21,60.23,54.67,55.98,15496407.0,WDC
2021-02-01,56.54,57.51,55.98,57.14,4600306.0,WDC
2021-02-02,58.15,58.56,57.04,57.46,4025011.0,WDC
2021-02-03,57.53,58.26,56.77,57.25,3038709.0,WDC
2021-02-04,57.79,58.96,57.61,58.81,3299277.0,WDC
2021-02-05,59.06,59.84,58.79,59.29,3004263.0,WDC
2021-02-08,59.39,61.88,59.35,61.67,4603292.0,WDC
2021-02-09,61.91,62.16,60.93,61.24,2026600.0,WDC
2021-02-10,61.9,62.3,59.36,59.94,3625290.0,WDC
2021-02-11,62.31,64.29,61.62,63.51,7196249.0,WDC
2021-02-12,64.0,66.89,63.39,65.12,5551976.0,WDC
2021-02-16,67.55,67.83,64.9,66.21,6338076.0,WDC
2021-02-17,65.35,68.33,65.24,66.85,6015188.0,WDC
2021-02-18,66.03,69.35,65.96,68.26,6301906.0,WDC
2021-02-19,70.0,70.58,67.3,68.43,4516996.0,WDC
2021-02-22,67.3,69.04,67.3,67.41,3640143.0,WDC
2021-02-23,65.25,66.98,62.45,66.7,4413488.0,WDC
2021-02-24,67.67,70.63,66.86,70.08,6164295.0,WDC
2021-02-25,69.79,70.41,66.62,67.34,3773971.0,WDC
2021-02-26,67.75,69.87,66.99,68.08,4821071.0,WDC
2021-03-01,70.13,72.53,69.56,71.76,6586364.0,WDC
2021-03-02,71.51,72.25,69.03,69.09,4517028.0,WDC
2021-03-03,69.28,71.69,68.21,69.22,6443843.0,WDC
2021-03-04,69.0,69.17,62.21,63.04,9249150.0,WDC
2021-03-05,67.17,68.87,64.14,67.62,9199867.0,WDC
2021-03-08,69.51,70.72,68.34,68.41,6937452.0,WDC
2021-03-09,69.63,70.28,68.38,68.88,4914406.0,WDC
2021-03-10,69.06,69.45,66.04,66.13,5139756.0,WDC
2021-03-11,67.97,68.94,67.18,68.24,4344264.0,WDC
2021-03-12,67.55,69.05,67.06,68.02,2935905.0,WDC
2021-03-15,67.99,68.17,66.12,68.15,3449233.0,WDC
2021-03-16,69.29,71.39,68.88,69.32,5617010.0,WDC
2021-03-17,68.74,71.09,68.6,70.85,3307319.0,WDC
2021-03-18,70.08,71.75,68.38,68.72,4519009.0,WDC
2021-03-19,69.44,72.08,68.91,70.13,6868399.0,WDC
2021-03-22,70.55,71.01,69.32,69.88,3270912.0,WDC
2021-03-23,69.55,70.04,64.25,65.01,7028269.0,WDC
2021-03-24,65.86,66.45,63.1,63.21,4823857.0,WDC
2021-03-25,61.92,63.95,61.27,63.6,3517803.0,WDC
2021-03-26,65.02,66.88,64.4,66.83,3521680.0,WDC
2021-03-29,66.63,67.48,64.6,64.9,3636018.0,WDC
2021-03-30,64.77,65.43,63.97,65.01,2655511.0,WDC
2021-03-31,64.84,66.84,64.17,66.3,5078083.0,WDC
2021-04-01,69.96,71.14,68.83,70.92,7122235.0,WDC
2021-04-05,71.24,72.12,70.18,71.59,4692716.0,WDC
2021-04-06,70.43,72.56,70.25,72.37,4408918.0,WDC
2021-04-07,72.55,74.21,71.4,71.77,3603214.0,WDC
2021-04-08,72.76,73.3,71.35,72.49,2821227.0,WDC
2021-04-09,72.49,72.75,71.72,72.48,2352968.0,WDC
2021-04-12,72.23,72.29,70.73,70.98,2767260.0,WDC
2021-04-13,70.74,70.98,69.24,69.35,3592728.0,WDC
2021-04-14,68.93,69.98,68.15,68.24,2973968.0,WDC
2021-04-15,69.16,69.16,67.83,68.28,3443993.0,WDC
2021-04-16,68.87,70.05,68.4,68.44,3058769.0,WDC
2021-04-19,68.6,69.38,67.07,67.86,3518461.0,WDC
2021-04-20,67.89,68.35,66.98,67.53,2695508.0,WDC
2021-04-21,66.75,69.03,66.45,69.01,2940146.0,WDC
2021-04-22,69.04,69.08,65.49,65.81,4996445.0,WDC
2021-04-23,66.47,67.98,65.56,67.62,3109308.0,WDC
2021-04-26,68.52,71.54,68.45,70.96,5509322.0,WDC
2021-04-27,71.57,72.18,70.45,72.0,3485221.0,WDC
2021-04-28,71.98,72.37,69.74,70.15,5121634.0,WDC
2021-04-29,71.09,71.39,69.23,70.68,5773665.0,WDC
2021-04-30,72.64,74.25,69.29,70.18,11014980.0,WDC
2021-05-03,70.8,71.37,68.85,69.67,4739330.0,WDC
2021-05-04,68.95,69.02,65.46,66.83,6548693.0,WDC
2021-05-05,67.95,68.62,67.29,68.13,3360203.0,WDC
2021-05-06,68.13,69.23,67.41,69.16,3250920.0,WDC
2021-05-07,69.55,71.38,68.8,71.2,4205678.0,WDC
2021-05-10,71.29,71.36,68.13,68.17,4402569.0,WDC
2021-05-11,66.5,68.1,65.78,67.7,4803416.0,WDC
2021-05-12,66.53,66.92,63.64,63.93,4299448.0,WDC
2021-05-13,64.5,66.93,64.39,65.92,3225988.0,WDC
2021-05-14,67.41,71.77,66.57,71.42,7204450.0,WDC
2021-05-17,70.75,77.09,70.75,75.97,16960010.0,WDC
2021-05-18,76.77,77.02,72.67,72.76,7267342.0,WDC
2021-05-19,69.7,71.49,67.38,70.81,7162475.0,WDC
2021-05-20,72.64,72.91,70.43,72.5,5225236.0,WDC
2021-05-21,71.88,73.3,71.56,71.89,4838116.0,WDC
2021-05-24,72.37,74.25,72.02,73.46,3550935.0,WDC
2021-05-25,74.06,74.06,72.0,72.6,4063402.0,WDC
2021-05-26,73.16,74.61,72.66,74.31,3682776.0,WDC
2021-05-27,74.29,76.23,74.14,75.41,4215641.0,WDC
2021-05-28,75.3,75.66,74.44,74.78,2465248.0,WDC
2021-06-01,75.45,75.94,74.65,75.1,2031559.0,WDC
2021-06-02,75.67,77.42,75.21,76.15,3806453.0,WDC
2021-06-03,75.23,77.21,75.22,76.33,2935670.0,WDC
2021-06-04,76.93,77.74,76.41,76.72,2612711.0,WDC
2021-06-07,76.49,76.69,75.32,75.68,2121436.0,WDC
2021-06-08,76.7,77.02,74.28,75.25,4136370.0,WDC
2021-06-09,75.25,75.49,73.8,74.41,2229148.0,WDC
2021-06-10,74.56,74.9,72.98,73.11,2787977.0,WDC
2021-06-11,75.19,75.9,73.86,74.33,3244002.0,WDC
2021-06-14,74.77,75.06,73.67,74.26,2556900.0,WDC
2021-06-15,74.26,75.27,73.97,74.47,1964055.0,WDC
2021-06-16,74.03,74.35,72.16,72.82,3334550.0,WDC
2021-06-17,72.25,73.01,69.76,70.32,4917875.0,WDC
2021-06-18,69.5,69.62,67.93,69.02,4904291.0,WDC
2021-06-21,69.05,69.36,67.92,68.75,3142457.0,WDC
2021-06-22,68.09,68.38,67.09,68.01,3332692.0,WDC
2021-06-23,68.14,70.08,68.14,68.79,2926383.0,WDC
2021-06-24,69.73,69.93,68.48,69.34,3195498.0,WDC
2021-06-25,69.51,70.78,69.3,70.3,2911967.0,WDC
2021-06-28,71.04,71.1,68.86,69.54,2968596.0,WDC
2021-06-29,69.9,70.84,68.97,70.2,3026055.0,WDC
2021-06-30,70.55,71.69,69.84,70.72,3052426.0,WDC
2021-07-01,71.1,71.47,70.15,70.41,2912252.0,WDC
2021-07-02,70.88,70.88,68.99,69.76,2703652.0,WDC
2021-07-06,69.76,70.0,67.8,68.7,3037489.0,WDC
2021-07-07,69.06,69.72,67.81,68.88,2556149.0,WDC
2021-07-08,66.32,68.13,65.81,67.37,2823643.0,WDC
2021-07-09,67.79,69.91,67.76,69.72,3029836.0,WDC
2021-07-12,69.91,70.66,69.27,70.44,3027474.0,WDC
2021-07-13,69.85,70.53,69.04,69.63,2522335.0,WDC
2021-07-14,70.93,71.7,69.17,69.56,3244567.0,WDC
2021-07-15,69.26,69.47,66.21,66.46,4710068.0,WDC
2021-07-16,66.39,66.85,63.48,63.75,4021407.0,WDC
2021-07-19,62.45,62.86,61.66,62.54,4076370.0,WDC
2021-07-20,62.35,64.39,61.91,64.19,3562237.0,WDC
2021-07-21,64.0,64.73,61.05,64.0,6670895.0,WDC
2021-07-22,63.95,63.95,61.82,62.6,4228285.0,WDC
2021-07-23,63.0,63.41,62.03,63.3,2709852.0,WDC
2021-07-26,63.27,65.0,63.1,63.82,2203828.0,WDC
2021-07-27,62.75,63.19,60.44,61.91,3926712.0,WDC
2021-07-28,62.04,63.72,62.04,63.07,2674135.0,WDC
2021-07-29,63.52,64.75,63.06,64.01,2611275.0,WDC
2021-07-30,63.23,64.93,63.13,64.48,2427471.0,WDC
2021-08-02,65.16,66.32,64.11,64.24,2640391.0,WDC
2021-08-03,64.55,65.79,63.45,65.69,2947694.0,WDC
2021-08-04,64.75,65.75,64.39,64.49,5004971.0,WDC
2021-08-05,64.42,66.83,64.17,66.62,6486998.0,WDC
2021-08-06,67.13,68.39,66.39,68.31,4474267.0,WDC
2021-08-09,68.33,68.34,66.32,67.16,3963312.0,WDC
2021-08-10,66.88,67.03,64.85,65.05,7169333.0,WDC
2021-08-11,65.21,66.46,64.61,66.27,5061020.0,WDC
2021-08-12,64.87,64.87,60.25,61.93,11757592.0,WDC
2021-08-13,61.88,63.64,61.82,62.7,4963994.0,WDC
2021-08-16,61.8,63.09,61.23,61.4,3520080.0,WDC
2021-08-17,60.66,61.9,59.9,60.69,3689629.0,WDC
2021-08-18,60.89,62.21,60.52,60.56,3047725.0,WDC
2021-08-19,60.22,60.5,58.86,59.12,4493012.0,WDC
2021-08-20,59.35,59.78,58.58,59.59,3064838.0,WDC
2021-08-23,60.28,62.06,59.8,61.83,2642943.0,WDC
2021-08-24,61.51,61.64,58.8,60.31,5939437.0,WDC
2021-08-25,60.58,69.54,60.42,65.05,17780043.0,WDC
2021-08-26,65.74,65.84,61.71,62.12,7217473.0,WDC
2021-08-27,61.54,63.71,61.48,62.79,3401590.0,WDC
2021-08-30,63.2,63.37,61.32,61.62,2921352.0,WDC
2021-08-31,61.83,63.76,61.36,62.75,3870303.0,WDC
2021-09-01,63.15,63.16,60.54,60.59,5223145.0,WDC
2021-09-02,60.6,61.53,59.7,61.19,4389560.0,WDC
2021-09-03,61.58,62.1,60.36,60.96,2636428.0,WDC
2021-09-07,60.26,61.3,59.82,59.95,2691438.0,WDC
2021-09-08,59.48,59.48,56.87,57.63,5273031.0,WDC
2021-09-09,57.25,59.01,56.78,58.29,4804080.0,WDC
2021-09-10,58.95,59.31,57.41,57.52,2481313.0,WDC
2021-09-13,57.94,58.71,57.52,58.06,2431642.0,WDC
2021-09-14,58.07,58.25,56.88,57.09,2647144.0,WDC
2021-09-15,56.81,58.37,56.81,57.81,3878516.0,WDC
2021-09-16,57.6,58.35,57.33,57.83,2328683.0,WDC
2021-09-17,57.42,57.85,56.98,57.47,3626702.0,WDC
2021-09-20,55.97,56.6,55.15,56.17,3423054.0,WDC
2021-09-21,56.4,56.8,55.02,55.02,2808017.0,WDC
2021-09-22,55.74,56.6,55.29,56.13,2208650.0,WDC
2021-09-23,56.28,57.34,55.28,57.04,2378040.0,WDC
2021-09-24,56.64,57.69,56.17,57.49,1841408.0,WDC
2021-09-27,57.35,59.39,57.16,58.61,2531235.0,WDC
2021-09-28,58.25,58.64,57.21,57.87,2753043.0,WDC
2021-09-29,57.6,58.0,56.15,56.25,3661106.0,WDC
2021-09-30,56.81,57.05,55.96,55.99,2795773.0,WDC
2021-10-01,56.58,56.87,55.1,56.64,2144799.0,WDC
2021-10-04,56.47,57.4,56.11,56.5,2615847.0,WDC
2021-10-05,56.76,57.17,55.77,56.51,2324627.0,WDC
2021-10-06,55.39,56.32,54.66,55.98,3591665.0,WDC
2021-10-07,56.29,57.48,56.29,56.94,1957540.0,WDC
2021-10-08,57.35,57.43,56.07,56.14,1594288.0,WDC
2021-10-11,56.14,56.77,55.68,55.72,1526173.0,WDC
2021-10-12,55.74,55.9,53.16,53.75,4553692.0,WDC
2021-10-13,54.16,55.21,53.61,53.76,2944148.0,WDC
2021-10-14,54.4,56.61,54.07,56.1,3437368.0,WDC
2021-10-15,55.29,55.84,54.7,54.96,3398577.0,WDC
2021-10-18,54.71,55.45,54.11,54.95,1577928.0,WDC
2021-10-19,54.63,55.33,54.15,55.2,3881226.0,WDC
2021-10-20,54.42,56.33,54.11,55.96,3630138.0,WDC
2021-10-21,55.31,56.43,54.99,56.35,1968827.0,WDC
2021-10-22,57.01,58.47,56.1,56.6,3544202.0,WDC
2021-10-25,57.23,57.35,56.18,56.38,2051245.0,WDC
2021-10-26,56.57,56.75,55.85,55.87,2007814.0,WDC
2021-10-27,55.96,55.97,54.47,55.03,2433256.0,WDC
2021-10-28,55.41,56.89,55.39,56.83,4112574.0,WDC
2021-10-29,49.47,53.05,49.05,51.84,18240580.0,WDC
2021-11-01,51.7,54.35,51.68,53.73,4217727.0,WDC
2021-11-02,53.94,54.92,53.52,54.58,2994647.0,WDC
2021-11-03,54.7,55.5,54.08,55.32,4095952.0,WDC
2021-11-04,55.54,55.54,53.84,54.59,3365237.0,WDC
2021-11-05,55.03,56.25,54.72,55.73,2804617.0,WDC
2021-11-08,56.12,57.3,55.12,55.33,3329164.0,WDC
2021-11-09,55.33,56.45,55.2,55.8,2710382.0,WDC
2021-11-10,55.53,56.07,54.43,54.81,3658630.0,WDC
2021-11-11,54.95,58.49,54.95,58.37,5337678.0,WDC
2021-11-12,59.27,61.97,58.71,60.11,8580490.0,WDC
2021-11-15,59.97,60.25,58.29,58.48,3263210.0,WDC
2021-11-16,58.46,58.89,57.61,58.03,2512311.0,WDC
2021-11-17,57.8,57.95,55.28,56.04,5243101.0,WDC
2021-11-18,56.15,56.34,54.36,55.25,4059520.0,WDC
2021-11-19,55.25,57.11,54.59,55.57,4456074.0,WDC
2021-11-22,55.78,57.18,54.92,56.48,3832917.0,WDC
2021-11-23,58.95,60.77,58.62,60.08,8368252.0,WDC
2021-11-24,59.65,59.95,58.66,59.42,2371765.0,WDC
2021-11-26,57.75,58.01,56.41,57.31,2354507.0,WDC
2021-11-29,58.03,58.65,57.29,58.54,3501196.0,WDC
2021-11-30,57.64,58.57,56.24,57.39,4793025.0,WDC
2021-12-01,58.3,60.3,57.21,57.27,4997013.0,WDC
2021-12-02,57.13,57.27,55.85,56.5,3667257.0,WDC
2021-12-03,56.5,57.67,55.81,57.07,4079909.0,WDC
2021-12-06,57.36,57.91,55.45,56.61,3085299.0,WDC
2021-12-07,58.03,59.45,57.45,58.72,3775059.0,WDC
2021-12-08,58.71,58.98,57.65,58.55,2683290.0,WDC
2021-12-09,57.79,58.18,56.57,56.88,2432947.0,WDC
2021-12-10,56.51,57.51,56.38,57.42,2314891.0,WDC
2021-12-13,57.45,57.77,55.2,55.28,4081957.0,WDC
2021-12-14,54.81,56.14,54.6,55.18,3133839.0,WDC
2021-12-15,55.13,56.1,53.95,55.9,3310770.0,WDC
2021-12-16,56.38,57.72,55.92,56.26,2853713.0,WDC
2021-12-17,56.13,57.09,55.25,56.4,5105789.0,WDC
2021-12-20,55.51,56.09,54.73,55.45,3768863.0,WDC
2021-12-21,57.57,58.6,56.81,58.57,3180650.0,WDC
2021-12-22,58.6,59.63,58.27,59.34,2919208.0,WDC
2021-12-23,59.55,61.39,59.48,60.75,3659041.0,WDC
2021-12-27,61.11,62.09,61.0,61.64,1856287.0,WDC
2021-12-28,61.76,62.49,61.42,62.39,2289506.0,WDC
2021-12-29,63.94,66.79,63.85,65.68,8998703.0,WDC
2021-12-30,64.91,66.16,64.74,64.92,2252065.0,WDC
2021-12-31,64.88,65.65,64.72,64.76,1857598.0,WDC
2022-01-03,65.3,65.92,64.59,65.48,2950103.0,WDC
2022-01-04,65.75,67.44,65.47,67.17,3753042.0,WDC
2022-01-05,67.16,68.91,66.61,66.61,5915882.0,WDC
2022-01-06,66.86,68.03,64.07,64.29,7513291.0,WDC
2022-01-07,64.21,65.78,64.07,65.38,3841450.0,WDC
2022-01-10,64.91,65.5,63.24,65.09,3078902.0,WDC
2022-01-11,65.05,65.67,63.79,65.57,3635808.0,WDC
2022-01-12,66.1,67.0,65.16,66.09,2154681.0,WDC
2022-01-13,66.5,67.31,65.7,66.06,2624244.0,WDC
2022-01-14,65.66,66.98,65.52,66.19,2161006.0,WDC
2022-01-18,65.4,65.44,63.38,63.67,3079580.0,WDC
2022-01-19,64.36,65.65,61.42,61.49,3766911.0,WDC
2022-01-20,62.02,62.14,59.32,59.47,3823978.0,WDC
2022-01-21,58.89,59.33,57.07,57.36,5086463.0,WDC
2022-01-24,56.9,57.02,53.43,56.57,4866135.0,WDC
2022-01-25,55.11,55.62,53.53,54.64,5214986.0,WDC
2022-01-26,56.08,56.09,53.7,54.13,4579321.0,WDC
2022-01-27,56.13,57.03,52.98,53.39,10209289.0,WDC
2022-01-28,48.64,51.59,48.17,49.45,19932937.0,WDC
2022-01-31,49.06,51.65,48.92,51.29,6532357.0,WDC
2022-02-01,50.93,52.33,50.1,52.12,4508601.0,WDC
2022-02-02,52.12,53.15,51.55,52.99,4210117.0,WDC
2022-02-03,52.11,53.14,51.79,51.84,5104508.0,WDC
2022-02-04,51.54,52.05,50.41,51.36,3369068.0,WDC
2022-02-07,51.51,51.9,50.89,51.4,3161708.0,WDC
2022-02-08,51.18,52.2,51.14,51.92,2763054.0,WDC
2022-02-09,52.46,54.08,52.37,54.03,3151155.0,WDC
2022-02-10,53.09,56.48,52.99,53.64,6240088.0,WDC
2022-02-11,53.5,55.08,53.03,53.28,4462109.0,WDC
2022-02-14,53.32,54.06,52.07,52.41,3543299.0,WDC
2022-02-15,52.73,55.49,52.66,55.42,3258131.0,WDC
2022-02-16,54.61,56.66,54.49,55.94,2651143.0,WDC
2022-02-17,55.37,57.11,55.19,56.0,3791348.0,WDC
2022-02-18,55.76,55.91,54.17,55.08,3471118.0,WDC
2022-02-22,54.33,54.76,52.12,52.97,3446346.0,WDC
2022-02-23,53.6,53.72,51.32,51.53,2887123.0,WDC
2022-02-24,49.32,51.45,48.75,51.38,4322280.0,WDC
2022-02-25,51.75,52.55,50.73,52.5,3111775.0,WDC
2022-02-28,51.6,51.93,49.63,50.49,4747131.0,WDC
2022-03-01,50.4,50.95,47.87,49.04,4279400.0,WDC
2022-03-02,49.81,51.76,49.56,51.39,3486688.0,WDC
2022-03-03,51.91,52.75,50.9,51.57,4486054.0,WDC
2022-03-04,50.73,51.2,49.48,49.82,3762761.0,WDC
2022-03-07,49.21,49.8,46.02,46.16,4744858.0,WDC
2022-03-08,46.44,48.27,45.27,45.32,5252351.0,WDC
2022-03-09,46.66,48.23,46.56,47.32,3411998.0,WDC
2022-03-10,46.3,46.48,45.35,46.14,2763461.0,WDC
2022-03-11,46.84,46.85,44.69,44.85,2905286.0,WDC
2022-03-14,44.85,44.95,43.4,44.02,3271143.0,WDC
2022-03-15,44.26,45.58,44.15,45.49,2384512.0,WDC
2022-03-16,46.08,47.81,46.02,47.8,3488371.0,WDC
2022-03-17,47.22,48.44,46.86,48.41,2457485.0,WDC
2022-03-18,47.86,48.91,47.64,48.85,4232873.0,WDC
2022-03-21,49.01,49.19,47.89,48.5,1932920.0,WDC
2022-03-22,48.6,49.46,48.6,49.28,2051894.0,WDC
2022-03-23,48.6,49.22,48.01,48.23,1707772.0,WDC
2022-03-24,48.35,50.11,48.27,50.05,2037931.0,WDC
2022-03-25,49.95,50.38,48.95,50.36,2722878.0,WDC
2022-03-28,50.06,50.26,49.27,50.25,2265436.0,WDC
2022-03-29,51.55,51.84,50.27,51.44,2852934.0,WDC
2022-03-30,51.35,51.67,49.84,50.17,2916692.0,WDC
2022-03-31,49.68,50.23,49.2,49.2,2923274.0,WDC
2022-04-01,49.68,50.06,47.17,47.94,3610735.0,WDC
2022-04-04,48.25,48.93,47.89,48.89,2813254.0,WDC
2022-04-05,48.35,48.7,47.53,47.67,5940663.0,WDC
2022-04-06,46.78,47.62,45.7,47.41,4679129.0,WDC
2022-04-07,47.38,47.6,46.11,47.31,3649245.0,WDC
2022-04-08,47.04,47.7,46.67,46.75,2494736.0,WDC
2022-04-11,46.45,47.85,46.31,46.57,2406154.0,WDC
2022-04-12,47.25,47.97,46.98,47.05,2974169.0,WDC
2022-04-13,47.14,47.98,47.14,47.41,2322278.0,WDC
2022-04-14,45.99,47.13,45.81,45.89,4744276.0,WDC
2022-04-18,45.68,46.94,45.57,46.83,3215128.0,WDC
2022-04-19,46.83,48.6,46.65,48.5,3108733.0,WDC
2022-04-20,48.99,50.21,48.95,49.05,3531475.0,WDC
2022-04-21,49.47,50.59,49.44,49.79,4521100.0,WDC
2022-04-22,49.24,49.86,48.87,49.01,4257619.0,WDC
2022-04-25,48.49,50.66,48.39,50.56,5455160.0,WDC
2022-04-26,49.8,50.64,48.92,49.13,6116748.0,WDC
2022-04-27,48.59,50.33,48.59,49.6,4911944.0,WDC
2022-04-28,50.2,52.27,49.68,52.16,5801087.0,WDC
2022-04-29,52.7,54.2,52.47,52.62,8184987.0,WDC
2022-05-02,52.64,53.54,51.43,53.47,5633277.0,WDC
2022-05-03,59.59,62.16,58.76,61.27,21967493.0,WDC
2022-05-04,61.61,62.81,60.32,62.41,6438251.0,WDC
2022-05-05,61.28,61.86,59.88,60.74,4474999.0,WDC
2022-05-06,60.34,61.05,58.55,59.0,4634012.0,WDC
2022-05-09,57.6,60.02,55.75,56.08,5010947.0,WDC
2022-05-10,57.19,58.71,55.83,56.91,5485826.0,WDC
2022-05-11,56.88,58.85,55.14,55.3,4224719.0,WDC
2022-05-12,54.27,55.71,53.8,55.1,4246460.0,WDC
2022-05-13,56.0,58.22,56.0,58.0,3247971.0,WDC
2022-05-16,57.66,58.59,56.91,57.44,2899746.0,WDC
2022-05-17,58.6,61.21,58.58,60.74,4959636.0,WDC
2022-05-18,59.55,60.84,58.37,58.65,2736651.0,WDC
2022-05-19,58.15,59.14,57.48,57.56,2412794.0,WDC
2022-05-20,58.24,58.39,54.8,56.36,3147346.0,WDC
2022-05-23,56.68,57.61,56.55,56.89,3123401.0,WDC
2022-05-24,56.29,56.6,55.1,56.15,2227810.0,WDC
2022-05-25,55.56,58.99,55.55,58.65,3757085.0,WDC
2022-05-26,58.05,60.75,58.03,60.23,2722631.0,WDC
2022-05-27,60.83,61.8,60.61,61.8,2549373.0,WDC
2022-05-31,61.35,61.76,59.17,60.24,3635346.0,WDC
2022-06-01,60.44,61.01,58.98,59.83,2015802.0,WDC
2022-06-02,60.14,61.89,60.04,61.48,2353827.0,WDC
2022-06-03,60.26,60.73,59.53,59.63,1774012.0,WDC
2022-06-06,60.41,60.65,59.11,59.27,2467688.0,WDC
2022-06-07,58.41,60.03,58.17,59.87,2407535.0,WDC
2022-06-08,62.41,62.55,57.25,57.37,7200664.0,WDC
2022-06-09,56.92,57.66,56.03,56.13,4383526.0,WDC
2022-06-10,54.82,55.51,53.37,53.58,4678276.0,WDC
2022-06-13,51.49,52.03,49.78,49.91,4621127.0,WDC
2022-06-14,50.17,50.31,48.3,48.79,4167250.0,WDC
2022-06-15,49.02,50.07,48.11,49.5,4543486.0,WDC
2022-06-16,48.03,48.03,45.6,45.9,6050833.0,WDC
2022-06-17,46.05,46.58,44.82,45.9,6221019.0,WDC
2022-06-21,46.57,47.38,45.84,46.05,5025481.0,WDC
2022-06-22,45.05,46.23,44.66,45.07,3934115.0,WDC
2022-06-23,45.07,45.7,44.71,45.47,4099047.0,WDC
2022-06-24,45.85,47.28,45.64,46.62,2863244.0,WDC
2022-06-27,47.1,47.81,46.58,47.13,4216277.0,WDC
2022-06-28,47.37,48.01,46.19,46.29,2055888.0,WDC
2022-06-29,46.02,46.31,44.62,44.95,2594501.0,WDC
2022-06-30,44.05,45.08,43.36,44.38,4165292.0,WDC
2022-07-01,42.83,43.64,41.18,42.97,6023722.0,WDC
2022-07-05,41.88,43.51,41.52,43.34,3509855.0,WDC
2022-07-06,43.23,43.63,42.49,43.32,2702085.0,WDC
2022-07-07,43.97,44.73,43.74,44.41,2501084.0,WDC
2022-07-08,43.97,45.32,43.83,44.79,3148935.0,WDC
2022-07-11,44.37,45.05,43.61,44.37,3635717.0,WDC
2022-07-12,44.37,46.39,44.34,45.58,3534084.0,WDC
2022-07-13,44.4,46.04,44.39,45.86,2441864.0,WDC
2022-07-14,45.07,45.9,44.41,45.56,1955768.0,WDC
2022-07-15,46.7,47.04,45.27,46.96,2275455.0,WDC
2022-07-18,47.15,47.69,46.24,46.45,2950670.0,WDC
2022-07-19,47.37,48.34,47.14,48.11,2403762.0,WDC
2022-07-20,47.76,49.18,47.52,49.14,3606177.0,WDC
2022-07-21,49.27,50.0,48.34,49.98,2549183.0,WDC
2022-07-22,47.8,48.25,46.58,46.77,4148988.0,WDC
2022-07-25,46.92,47.7,45.94,46.39,4670808.0,WDC
2022-07-26,46.71,47.55,46.42,46.5,2328087.0,WDC
2022-07-27,46.85,48.29,46.24,47.98,2151636.0,WDC
2022-07-28,48.01,48.29,46.37,48.27,2675415.0,WDC
2022-07-29,48.27,48.71,47.63,48.65,2566754.0,WDC
2022-08-01,48.6,49.98,47.74,48.67,2903214.0,WDC
2022-08-02,48.35,48.73,47.49,48.02,2379633.0,WDC
2022-08-03,48.36,49.3,47.64,48.94,2739346.0,WDC
2022-08-04,48.93,49.6,48.25,49.46,3217130.0,WDC
2022-08-05,45.28,47.65,44.59,46.64,6047389.0,WDC
2022-08-08,46.32,48.23,46.13,47.13,5341967.0,WDC
2022-08-09,46.38,46.58,44.76,45.86,3616731.0,WDC
2022-08-10,46.97,47.89,46.67,47.23,2631530.0,WDC
2022-08-11,47.85,49.81,47.69,48.61,3604587.0,WDC
2022-08-12,48.89,50.5,48.69,50.22,2365716.0,WDC
2022-08-15,49.59,49.65,48.58,49.16,2335019.0,WDC
2022-08-16,48.77,49.39,48.63,48.79,1780350.0,WDC
2022-08-17,47.89,48.06,46.75,47.75,2402803.0,WDC
2022-08-18,47.86,48.78,47.55,48.27,1931615.0,WDC
2022-08-19,47.82,47.85,46.96,47.22,1828528.0,WDC
2022-08-22,46.11,46.25,45.47,45.61,4083507.0,WDC
2022-08-23,45.69,46.61,45.29,45.4,1947125.0,WDC
2022-08-24,44.98,46.28,44.93,45.76,2294453.0,WDC
2022-08-25,46.22,47.84,46.18,47.46,2513954.0,WDC
2022-08-26,47.42,47.46,45.04,45.04,2555207.0,WDC
2022-08-29,44.54,45.22,44.21,44.31,2148684.0,WDC
2022-08-30,44.22,44.25,42.68,42.91,4156756.0,WDC
2022-08-31,41.97,42.55,41.5,41.81,4296307.0,WDC
2022-09-01,40.34,41.72,39.93,41.54,7086198.0,WDC
2022-09-02,42.29,42.36,41.02,41.2,2851190.0,WDC
2022-09-06,41.03,41.43,40.07,40.52,3443653.0,WDC
2022-09-07,40.45,41.19,39.68,41.0,4086861.0,WDC
2022-09-08,40.72,42.02,40.19,41.96,4095929.0,WDC
2022-09-09,42.43,43.61,42.34,43.35,3525025.0,WDC
2022-09-12,43.64,44.04,42.64,42.82,4597429.0,WDC
2022-09-13,41.23,41.37,38.58,38.87,8297134.0,WDC
2022-09-14,38.87,39.08,37.3,37.88,5965384.0,WDC
2022-09-15,37.72,38.31,36.88,37.32,5113849.0,WDC
2022-09-16,36.62,37.17,35.87,36.77,7262967.0,WDC
2022-09-19,36.11,36.66,35.74,36.17,3909453.0,WDC
2022-09-20,35.45,35.63,34.49,35.09,5339895.0,WDC
2022-09-21,34.64,35.87,34.31,34.33,4321641.0,WDC
2022-09-22,34.11,34.35,33.08,33.37,4593115.0,WDC
2022-09-23,32.75,33.48,32.58,33.39,7479790.0,WDC
2022-09-26,32.98,33.33,31.9,31.95,4667051.0,WDC
2022-09-27,32.35,32.54,31.86,32.27,3828629.0,WDC
2022-09-28,32.27,33.07,32.09,32.7,3735274.0,WDC
2022-09-29,32.0,32.09,31.11,31.73,4544256.0,WDC
2022-09-30,31.67,33.51,31.67,32.1,6523621.0,WDC
2022-10-03,32.84,33.86,32.51,33.6,4149953.0,WDC
2022-10-04,34.53,36.05,34.49,36.01,10183155.0,WDC
2022-10-05,35.53,37.34,35.37,36.72,7048964.0,WDC
2022-10-06,36.47,36.9,34.76,36.61,9055846.0,WDC
2022-10-07,36.04,38.5,34.91,35.29,9719426.0,WDC
2022-10-10,35.13,35.53,33.94,34.21,3662836.0,WDC
2022-10-11,34.17,35.87,33.57,34.37,5766279.0,WDC
2022-10-12,34.29,34.37,32.82,33.83,7523791.0,WDC
2022-10-13,32.76,35.34,32.33,34.65,5870819.0,WDC
2022-10-14,34.91,34.97,33.2,33.27,3071449.0,WDC
2022-10-17,34.11,34.37,32.85,33.44,3827671.0,WDC
2022-10-18,34.5,34.69,32.72,33.16,3605086.0,WDC
2022-10-19,32.76,33.56,32.62,32.91,3879381.0,WDC
2022-10-20,33.15,33.91,32.57,33.02,4074385.0,WDC
2022-10-21,32.87,34.44,32.64,34.41,6230786.0,WDC
2022-10-24,34.31,34.79,33.61,34.47,4565527.0,WDC
2022-10-25,34.49,35.06,34.33,34.84,5727775.0,WDC
2022-10-26,34.05,35.79,33.71,34.83,7738238.0,WDC
2022-10-27,36.44,36.6,33.63,33.89,6786517.0,WDC
2022-10-28,33.8,35.36,33.73,35.05,4829125.0,WDC
2022-10-31,34.82,34.87,33.44,33.92,4432265.0,WDC
2022-11-01,34.61,35.47,34.47,35.25,8759337.0,WDC
2022-11-02,35.09,35.56,34.09,34.13,4148604.0,WDC
2022-11-03,33.62,33.81,32.58,33.26,3210602.0,WDC
2022-11-04,34.28,35.1,34.03,34.99,3496736.0,WDC
2022-11-07,35.32,36.21,34.73,36.17,3875843.0,WDC
2022-11-08,36.44,36.61,35.4,36.07,2588924.0,WDC
2022-11-09,35.28,35.44,33.82,33.9,5229601.0,WDC
2022-11-10,35.6,37.35,35.21,37.3,4485406.0,WDC
2022-11-11,37.55,39.54,37.41,39.3,3921584.0,WDC
2022-11-14,38.94,39.88,38.5,39.15,3584446.0,WDC
2022-11-15,40.11,40.52,38.76,39.01,3533510.0,WDC
2022-11-16,38.26,38.27,35.64,35.97,6852923.0,WDC
2022-11-17,35.08,36.11,34.76,36.08,4428809.0,WDC
2022-11-18,36.69,37.01,35.76,36.41,2239446.0,WDC
2022-11-21,35.88,35.92,35.03,35.5,3390419.0,WDC
2022-11-22,35.54,36.24,35.41,35.78,2804045.0,WDC
2022-11-23,35.58,36.66,35.57,36.55,3251693.0,WDC
2022-11-25,36.18,37.02,36.11,36.89,1221389.0,WDC
2022-11-28,36.31,36.41,35.45,35.66,2700872.0,WDC
2022-11-29,36.0,36.09,35.26,35.58,1990090.0,WDC
2022-11-30,34.97,36.42,34.01,36.3,6609054.0,WDC
2022-12-01,36.16,37.0,35.25,35.39,6129023.0,WDC
2022-12-02,34.66,35.16,34.28,35.0,4372246.0,WDC
2022-12-05,34.86,35.23,34.13,34.34,3046389.0,WDC
2022-12-06,34.26,34.37,33.11,33.44,5627043.0,WDC
2022-12-07,33.09,33.74,32.57,33.69,3882133.0,WDC
2022-12-08,34.03,34.93,33.9,34.78,9037610.0,WDC
2022-12-09,34.76,35.92,34.5,35.26,5379487.0,WDC
2022-12-12,35.08,35.84,34.89,35.76,4056186.0,WDC
2022-12-13,37.2,37.6,35.43,35.85,5905589.0,WDC
2022-12-14,35.72,36.32,35.13,35.38,3861097.0,WDC
2022-12-15,33.31,33.38,31.67,31.76,10835299.0,WDC
2022-12-16,31.5,32.2,31.31,31.49,9666803.0,WDC
2022-12-19,31.56,31.69,30.58,31.11,4661761.0,WDC
2022-12-20,31.49,32.22,31.25,31.63,5576538.0,WDC
2022-12-21,32.13,32.14,30.88,30.93,4729102.0,WDC
2022-12-22,30.13,30.24,29.28,30.19,5442227.0,WDC
2022-12-23,30.18,30.34,29.78,30.14,2558192.0,WDC
2022-12-27,29.96,30.83,29.34,30.72,3411578.0,WDC
2022-12-28,30.67,30.9,29.72,29.76,3000299.0,WDC
2022-12-29,30.11,31.18,29.98,31.12,4329328.0,WDC
2022-12-30,30.66,31.12,30.41,31.1,2631981.0,WDC
2023-01-03,31.48,31.84,30.51,30.96,3475893.0,WDC
2023-01-04,31.99,33.1,31.88,32.6,6348418.0,WDC
2023-01-05,33.01,34.92,32.81,34.78,10042192.0,WDC
2023-01-06,35.45,37.0,34.72,36.72,8388048.0,WDC
2023-01-09,36.86,37.53,36.16,37.14,7727442.0,WDC
2023-01-10,36.99,37.78,36.87,37.72,6550162.0,WDC
2023-01-11,37.87,38.0,37.37,37.97,3043418.0,WDC
2023-01-12,37.97,38.18,37.14,37.51,4091943.0,WDC
2023-01-13,37.12,37.29,36.53,36.77,4133834.0,WDC
2023-01-17,36.83,37.12,36.38,36.87,6684633.0,WDC
2023-01-18,37.43,37.91,36.87,37.02,2781290.0,WDC
2023-01-19,36.42,37.68,36.17,37.1,4248809.0,WDC
2023-01-20,37.26,38.02,36.75,38.01,5116993.0,WDC
2023-01-23,39.9,41.54,39.57,41.34,8279678.0,WDC
2023-01-24,40.68,41.47,40.29,40.65,4792606.0,WDC
2023-01-25,40.18,41.07,39.88,40.86,3074524.0,WDC
2023-01-26,42.02,43.38,41.37,43.31,6878875.0,WDC
2023-01-27,42.86,44.69,42.81,44.52,5393177.0,WDC
2023-01-30,43.46,44.36,43.4,43.79,6804849.0,WDC
2023-01-31,42.51,43.58,41.86,43.5,6306599.0,WDC
2023-02-01,43.39,43.92,40.59,42.87,15476319.0,WDC
2023-02-02,43.59,44.79,42.87,44.13,5386105.0,WDC
2023-02-03,43.15,44.37,42.62,42.8,5798714.0,WDC
2023-02-06,41.93,42.23,41.6,41.8,3540843.0,WDC
2023-02-07,41.8,42.83,41.43,42.63,3906863.0,WDC
2023-02-08,42.18,43.14,42.15,42.29,2890219.0,WDC
2023-02-09,42.6,42.95,41.4,41.54,3310041.0,WDC
2023-02-10,42.1,43.06,41.86,42.56,3025483.0,WDC
2023-02-13,42.34,42.88,42.0,42.59,2781368.0,WDC
2023-02-14,42.15,43.3,41.73,43.19,2168696.0,WDC
2023-02-15,42.7,43.24,42.59,43.22,3234539.0,WDC
2023-02-16,42.55,42.8,41.92,42.12,2004682.0,WDC
2023-02-17,41.9,42.05,40.97,41.13,2935388.0,WDC
2023-02-21,40.46,40.68,39.52,39.6,2729063.0,WDC
2023-02-22,39.51,40.11,38.88,39.12,2501206.0,WDC
2023-02-23,39.79,40.0,38.65,39.34,5267364.0,WDC
2023-02-24,38.48,38.95,38.17,38.66,2631660.0,WDC
2023-02-27,39.17,39.28,37.94,38.06,2402816.0,WDC
2023-02-28,38.38,38.38,37.82,38.03,3649424.0,WDC
2023-03-01,38.17,38.39,37.54,37.67,3631862.0,WDC
2023-03-02,37.39,38.07,36.73,37.93,2590690.0,WDC
2023-03-03,37.95,38.35,37.76,38.14,2261242.0,WDC
2023-03-06,38.31,38.4,37.21,37.33,6189265.0,WDC
2023-03-07,37.19,37.32,36.6,36.86,4126948.0,WDC
2023-03-08,36.99,37.48,36.78,37.45,2463445.0,WDC
2023-03-09,37.45,37.89,36.59,36.61,2663292.0,WDC
2023-03-10,36.52,36.59,35.31,35.61,5367756.0,WDC
2023-03-13,34.82,35.37,34.06,34.87,8292159.0,WDC
2023-03-14,35.67,35.92,34.5,34.84,3995548.0,WDC
2023-03-15,33.9,34.5,33.43,33.94,4433619.0,WDC
2023-03-16,33.41,35.03,33.3,34.89,4931336.0,WDC
2023-03-17,34.89,35.44,34.53,34.63,6316041.0,WDC
2023-03-20,34.68,34.99,34.36,34.75,5431923.0,WDC
2023-03-21,35.28,35.96,34.53,35.02,3957826.0,WDC
2023-03-22,34.8,35.45,34.22,34.25,2274150.0,WDC
2023-03-23,34.47,35.48,34.18,34.82,2529875.0,WDC
2023-03-24,34.49,34.94,34.43,34.81,2113967.0,WDC
2023-03-27,35.27,35.27,34.52,34.76,3965277.0,WDC
2023-03-28,34.58,34.67,33.78,34.16,3035277.0,WDC
2023-03-29,34.8,36.3,34.8,36.15,3704232.0,WDC
2023-03-30,36.43,36.95,36.43,36.83,2222460.0,WDC
2023-03-31,36.59,37.52,36.4,37.22,2565216.0,WDC
2023-04-03,37.2,37.24,36.36,36.75,2452025.0,WDC
2023-04-04,36.65,36.78,35.2,35.49,3610156.0,WDC
2023-04-05,35.13,35.13,34.29,34.61,6133812.0,WDC
2023-04-06,34.4,34.96,34.22,34.7,4669653.0,WDC
2023-04-10,36.05,37.98,36.04,37.59,9191716.0,WDC
2023-04-11,37.85,38.19,37.49,37.92,3206555.0,WDC
2023-04-12,38.36,38.43,37.12,37.55,3019401.0,WDC
2023-04-13,37.59,37.74,35.85,36.43,7742964.0,WDC
2023-04-14,36.46,36.55,34.91,35.01,5219017.0,WDC
2023-04-17,34.81,35.66,34.75,35.57,3697040.0,WDC
2023-04-18,35.7,35.81,34.97,35.27,2718060.0,WDC
2023-04-19,34.77,34.77,33.81,34.17,3672721.0,WDC
2023-04-20,33.33,33.89,32.63,32.87,4547153.0,WDC
2023-04-21,32.82,33.17,32.36,32.99,3545366.0,WDC
2023-04-24,32.68,32.8,32.22,32.45,3117273.0,WDC
2023-04-25,32.13,32.26,31.52,31.64,2908180.0,WDC
2023-04-26,31.81,32.55,31.81,32.23,3696134.0,WDC
2023-04-27,32.32,32.39,31.7,32.31,2702716.0,WDC
2023-04-28,32.64,34.1,32.41,33.99,3913457.0,WDC
2023-05-01,33.97,34.19,33.43,33.61,2729899.0,WDC
2023-05-02,33.65,33.76,32.78,33.02,2275862.0,WDC
2023-05-03,33.2,33.35,32.54,32.6,2072194.0,WDC
2023-05-04,32.56,32.69,32.19,32.59,2445163.0,WDC
2023-05-05,33.03,33.25,32.57,33.0,3032284.0,WDC
2023-05-08,32.89,33.82,32.52,33.73,4039490.0,WDC
2023-05-09,32.76,33.34,31.85,33.15,5914034.0,WDC
2023-05-10,33.51,34.05,31.87,32.43,4099118.0,WDC
2023-05-11,32.25,32.3,31.56,32.1,3682154.0,WDC
2023-05-12,32.28,32.59,31.92,32.58,3386368.0,WDC
2023-05-15,35.29,36.55,34.11,36.3,10442294.0,WDC
2023-05-16,36.3,36.64,35.39,36.16,4395753.0,WDC
2023-05-17,36.46,37.02,36.02,36.53,3893565.0,WDC
2023-05-18,36.57,38.42,36.46,38.29,5974330.0,WDC
2023-05-19,38.27,38.42,37.45,37.87,3133298.0,WDC
2023-05-22,37.8,38.25,37.13,37.92,3282961.0,WDC
2023-05-23,37.89,38.28,37.3,37.35,2530618.0,WDC
2023-05-24,36.92,37.4,36.68,36.78,2842548.0,WDC
2023-05-25,37.44,37.67,36.48,37.4,3328039.0,WDC
2023-05-26,37.58,39.54,37.54,39.26,5310091.0,WDC
2023-05-30,39.74,40.24,39.09,39.5,5492362.0,WDC
2023-05-31,38.4,38.78,37.95,38.28,7618528.0,WDC
2023-06-01,38.06,39.01,38.06,38.52,3063002.0,WDC
2023-06-02,39.23,39.92,38.81,39.79,3506273.0,WDC
2023-06-05,39.68,39.74,38.49,38.55,2224096.0,WDC
2023-06-06,38.15,39.34,38.08,39.03,2446488.0,WDC
2023-06-07,39.6,40.3,39.08,39.57,4311608.0,WDC
2023-06-08,39.55,39.8,38.54,39.65,3621764.0,WDC
2023-06-09,40.08,40.25,39.05,39.33,2257041.0,WDC
2023-06-12,39.38,39.93,39.25,39.86,3488508.0,WDC
2023-06-13,40.36,40.53,39.83,40.13,4271408.0,WDC
2023-06-14,40.07,40.52,39.69,40.01,2537534.0,WDC
2023-06-15,39.75,40.72,39.67,40.63,2874003.0,WDC
2023-06-16,40.97,41.02,39.47,40.02,5541217.0,WDC
2023-06-20,39.57,39.81,38.37,38.67,4378827.0,WDC
2023-06-21,38.37,38.65,37.89,37.97,2978550.0,WDC
2023-06-22,37.8,38.0,37.56,37.9,2320662.0,WDC
2023-06-23,37.35,37.69,37.08,37.41,4848112.0,WDC
2023-06-26,37.4,37.82,37.08,37.11,1862226.0,WDC
2023-06-27,37.19,37.92,36.55,37.76,6473535.0,WDC
2023-06-28,37.57,37.75,36.94,37.4,2642610.0,WDC
2023-06-29,37.59,37.74,37.03,37.15,2565653.0,WDC
2023-06-30,37.41,37.81,37.19,37.48,3254119.0,WDC
2023-07-03,37.42,38.08,37.38,38.06,1329953.0,WDC
2023-07-05,37.63,37.74,36.97,37.21,2046009.0,WDC
2023-07-06,36.63,36.93,36.0,36.91,2622253.0,WDC
2023-07-07,37.1,37.84,37.04,37.22,3963714.0,WDC
2023-07-10,37.05,37.67,36.91,37.42,4487620.0,WDC
2023-07-11,37.65,38.34,37.36,37.91,2912614.0,WDC
2023-07-12,38.44,38.64,37.43,37.97,2911311.0,WDC
2023-07-13,37.97,38.94,37.97,38.91,1978837.0,WDC
2023-07-14,38.75,40.52,37.89,39.21,7874152.0,WDC
2023-07-17,39.07,39.21,38.23,38.69,3084657.0,WDC
2023-07-18,38.31,38.45,37.38,38.01,3941497.0,WDC
2023-07-19,38.48,39.22,38.39,38.48,3225460.0,WDC
2023-07-20,38.09,38.42,37.64,37.83,4058726.0,WDC
2023-07-21,38.11,38.29,37.46,37.85,2727379.0,WDC
2023-07-24,37.92,38.56,37.69,38.47,3532686.0,WDC
2023-07-25,38.59,38.69,37.94,38.19,2659797.0,WDC
2023-07-26,37.98,38.7,37.98,38.43,2512738.0,WDC
2023-07-27,39.85,41.59,39.85,41.23,5722531.0,WDC
2023-07-28,41.86,42.27,41.42,41.58,3953824.0,WDC
2023-07-31,41.85,42.33,41.69,42.11,5952417.0,WDC
2023-08-01,41.55,42.57,40.74,42.42,5514519.0,WDC
2023-08-02,41.85,42.59,41.73,41.97,3805345.0,WDC
2023-08-03,41.58,43.22,41.3,42.81,3813479.0,WDC
2023-08-04,42.67,43.82,42.4,43.0,3906487.0,WDC
2023-08-07,43.35,43.54,42.75,43.05,2130856.0,WDC
2023-08-08,42.62,42.99,41.8,42.71,3489108.0,WDC
2023-08-09,42.5,42.67,42.0,42.13,2743022.0,WDC
2023-08-10,42.65,42.72,41.26,41.7,2914876.0,WDC
2023-08-11,41.44,41.87,41.35,41.43,1862576.0,WDC
2023-08-14,41.66,42.28,41.64,42.15,2016477.0,WDC
2023-08-15,41.79,41.82,40.58,40.6,2987708.0,WDC
2023-08-16,40.31,40.42,39.65,39.97,2366735.0,WDC
2023-08-17,40.19,40.83,39.68,39.84,2253784.0,WDC
2023-08-18,39.06,39.5,38.78,39.29,2405785.0,WDC
2023-08-21,39.24,40.0,39.1,39.95,1462238.0,WDC
2023-08-22,40.31,40.41,39.72,39.97,1836248.0,WDC
2023-08-23,39.88,40.78,39.73,40.6,1498115.0,WDC
2023-08-24,40.81,40.84,39.37,39.42,1922846.0,WDC
2023-08-25,39.48,39.57,38.39,39.04,2659561.0,WDC
2023-08-28,39.7,41.07,39.57,40.96,4268623.0,WDC
2023-08-29,40.9,41.27,40.51,41.1,2310745.0,WDC
2023-08-30,41.23,42.59,41.21,42.07,3508758.0,WDC
2023-08-31,43.36,45.18,43.32,44.55,6968597.0,WDC
2023-09-01,44.86,45.86,44.73,45.51,3226294.0,WDC
2023-09-05,44.95,45.88,44.62,45.34,4401991.0,WDC
2023-09-06,44.97,45.44,44.56,44.99,3397453.0,WDC
2023-09-07,43.89,43.89,42.67,42.98,4383768.0,WDC
2023-09-08,42.95,43.42,42.71,43.02,2708985.0,WDC
2023-09-11,43.53,43.6,42.33,42.45,2371142.0,WDC
2023-09-12,42.25,43.09,41.77,41.85,3479912.0,WDC
2023-09-13,42.28,43.31,42.23,42.77,3215746.0,WDC
2023-09-14,43.2,43.41,42.69,43.24,2493376.0,WDC
2023-09-15,43.18,43.39,42.83,43.15,4482657.0,WDC
2023-09-18,43.17,43.64,42.63,43.2,2207975.0,WDC
2023-09-19,43.15,43.83,42.98,43.47,3159083.0,WDC
2023-09-20,45.3,46.44,45.04,45.2,8479541.0,WDC
2023-09-21,44.71,45.03,43.94,43.99,3855838.0,WDC
2023-09-22,44.39,46.06,44.38,44.69,5078769.0,WDC
2023-09-25,44.34,44.72,43.94,44.17,2685874.0,WDC
2023-09-26,43.79,44.49,43.29,43.82,3571053.0,WDC
2023-09-27,44.21,44.77,43.83,44.11,2547739.0,WDC
2023-09-28,44.17,45.55,44.14,45.35,3282054.0,WDC
2023-09-29,45.6,45.72,45.09,45.18,2512105.0,WDC
2023-10-02,45.41,46.07,44.79,45.02,2580482.0,WDC
2023-10-03,44.79,45.65,44.2,44.37,2146236.0,WDC
2023-10-04,44.52,44.89,44.1,44.84,2445402.0,WDC
2023-10-05,46.06,46.69,45.17,45.66,4017781.0,WDC
2023-10-06,45.4,46.13,45.07,45.95,3196192.0,WDC
2023-10-09,45.43,45.56,44.37,44.95,2171409.0,WDC
2023-10-10,44.95,45.58,44.75,44.9,2192743.0,WDC
2023-10-11,44.9,45.95,44.9,45.94,2501831.0,WDC
2023-10-12,46.05,46.18,44.93,45.17,2998393.0,WDC
2023-10-13,45.62,46.2,45.14,45.25,3111423.0,WDC
2023-10-16,45.34,45.54,44.91,45.3,2241587.0,WDC
2023-10-17,44.66,45.56,43.13,43.69,7855161.0,WDC
2023-10-18,43.39,44.52,43.38,44.0,3809634.0,WDC
2023-10-19,43.94,44.12,42.38,42.61,3407064.0,WDC
2023-10-20,42.56,42.97,42.2,42.41,3768291.0,WDC
2023-10-23,42.0,42.23,41.2,41.36,4064299.0,WDC
2023-10-24,41.85,42.55,41.745,42.51,4314223.0,WDC
2023-10-25,42.49,43.035,41.58,41.73,2764299.0,WDC
2023-10-26,41.65,41.89,35.17,37.81,17872244.0,WDC
2023-10-27,38.22,38.96,37.63,38.52,6533311.0,WDC
2023-10-30,42.7,43.72,40.3601,41.35,16960121.0,WDC
2023-10-31,38.55,41.1,37.98,39.7,19497622.0,WDC
2023-11-01,39.37,41.41,39.31,41.29,20959915.0,WDC
2023-11-02,41.425,42.48,41.38,41.71,7657595.0,WDC
2023-11-03,41.92,43.26,41.8359,42.56,4479704.0,WDC
2023-11-06,42.27,43.25,41.33,42.72,4425979.0,WDC
2023-11-07,42.37,42.8,41.99,42.64,5720400.0,WDC
2023-11-08,42.65,43.01,42.2001,42.805,3119665.0,WDC
2023-11-09,43.25,44.84,43.13,43.73,6196858.0,WDC
2023-11-10,43.91,44.735,43.59,44.55,4024123.0,WDC
2023-11-13,44.23,44.74,43.68,44.73,3457999.0,WDC
2023-11-14,45.72,46.03,45.25,45.42,4253805.0,WDC
2023-11-15,45.08,45.805,44.78,45.58,3625556.0,WDC
2023-11-16,45.24,45.89,44.78,45.56,3537304.0,WDC
2023-11-17,45.85,46.36,45.66,46.17,3469827.0,WDC
2023-11-20,46.25,46.97,46.15,46.9,3757132.0,WDC
2023-11-21,46.16,46.59,45.66,45.79,4360645.0,WDC
2023-11-22,45.96,46.79,45.96,46.46,3444115.0,WDC
2023-11-24,46.11,46.34,45.6,46.15,2260951.0,WDC
2023-11-27,45.96,47.08,45.835,46.76,4263548.0,WDC
2023-11-28,46.48,46.68,45.97,46.44,4208531.0,WDC
2023-11-29,47.17,47.78,46.675,46.87,4765897.0,WDC
2023-11-30,47.12,47.98,46.51,47.86,16745610.0,WDC
2023-12-01,47.4,48.41,47.17,47.94,11465086.0,WDC
2023-12-04,47.23,47.58,46.45,47.02,3843949.0,WDC
2023-12-05,46.75,47.05,46.02,46.32,3087580.0,WDC
2023-12-06,47.34,48.2,46.32,46.37,3429066.0,WDC
2023-12-07,46.93,47.28,46.3006,46.86,3694155.0,WDC
2023-12-08,46.68,47.66,46.58,47.41,8455556.0,WDC
2023-12-11,47.975,49.23,47.94,48.79,6040033.0,WDC
2023-12-12,48.82,49.69,48.69,49.17,4884989.0,WDC
2023-12-13,49.11,50.23,49.11,49.98,6881863.0,WDC
2023-12-14,50.54,51.7803,50.45,50.7,8114807.0,WDC
2023-12-15,50.55,50.87,49.81,50.23,7288019.0,WDC
2023-12-18,50.12,50.45,49.83,50.07,3150257.0,WDC
2023-12-19,50.07,50.645,49.84,50.49,3798770.0,WDC
2023-12-20,50.39,50.42,48.91,48.96,5201827.0,WDC
2023-12-21,50.8,51.97,50.4001,51.93,7346950.0,WDC
2023-12-22,52.05,52.43,51.78,52.21,2925950.0,WDC
2023-12-26,52.29,52.76,52.23,52.31,2010773.0,WDC
2023-12-27,52.42,52.73,51.83,51.97,2167187.0,WDC
2023-12-28,52.05,52.5,51.9,52.48,4199974.0,WDC
2023-12-29,52.37,52.56,51.69,51.92,3478071.0,WDC
2024-01-02,51.31,51.5,50.23,50.41,7190500.0,WDC
2024-01-03,49.64,50.46,49.55,49.89,5918008.0,WDC
2024-01-04,49.85,50.34,49.49,49.57,4641018.0,WDC
2024-01-05,49.24,49.9,49.22,49.6,4766033.0,WDC
2024-01-08,49.69,50.21,49.6,49.74,3389844.0,WDC
2024-01-09,49.074,49.57,48.89,48.98,4799018.0,WDC
2024-01-10,48.93,50.22,48.51,50.06,4301721.0,WDC
2024-01-11,50.02,50.66,49.23,50.15,3102913.0,WDC
2024-01-12,50.44,50.73,49.55,49.555,2819277.0,WDC
2024-01-16,51.16,52.07,50.435,51.78,8062736.0,WDC
2024-01-17,51.72,52.32,51.3,51.87,5405277.0,WDC
2024-01-18,52.53,53.16,52.31,53.1,5645006.0,WDC
2024-01-19,53.55,54.34,53.2,54.32,4797319.0,WDC
2024-01-22,57.38,58.28,56.05,56.55,16473375.0,WDC
2024-01-23,57.88,58.7,56.75,57.28,10920932.0,WDC
2024-01-24,58.55,58.61,57.26,57.58,9723757.0,WDC
2024-01-25,58.55,60.1,58.49,59.88,23848661.0,WDC
2024-01-26,58.41,58.95,56.76,57.78,19645681.0,WDC
2024-01-29,58.95,60.0,58.59,59.3,9380322.0,WDC
2024-01-30,59.14,59.3,57.355,57.67,9717071.0,WDC
2024-01-31,57.24,57.73,56.76,56.8,5797808.0,WDC
2024-02-01,56.79,57.23,56.14,56.95,7272778.0,WDC
2024-02-02,56.8,57.8,56.55,57.71,5529566.0,WDC
2024-02-05,57.62,58.065,56.8346,58.02,4838060.0,WDC
2024-02-06,58.6,58.79,57.805,58.0,5187175.0,WDC
2024-02-07,58.02,58.27,57.21,57.49,4946935.0,WDC
2024-02-08,57.12,57.53,56.57,56.67,7468396.0,WDC
2024-02-09,56.05,56.897,55.78,56.37,6518266.0,WDC
2024-02-12,56.12,57.615,56.06,56.87,4459745.0,WDC
2024-02-13,55.47,55.49,54.34,54.89,6572062.0,WDC
2024-02-14,55.48,56.11,55.43,55.63,3964176.0,WDC
2024-02-15,55.73,56.12,55.39,55.56,4385867.0,WDC
2024-02-16,55.59,55.85,53.47,53.55,6034620.0,WDC
2024-02-20,53.51,53.69,52.84,53.68,5141368.0,WDC
2024-02-21,53.43,53.551,52.44,52.94,4248454.0,WDC
2024-02-22,54.21,55.55,53.98,55.25,5101013.0,WDC
2024-02-23,55.04,55.76,54.84,55.61,3163467.0,WDC
2024-02-26,56.29,57.235,56.0037,56.63,6164757.0,WDC
2024-02-27,57.8,57.95,56.84,57.03,6304157.0,WDC
2024-02-28,56.39,57.345,56.175,57.01,4133793.0,WDC
2024-02-29,57.66,59.2,57.25,59.02,7699866.0,WDC
2024-03-01,60.55,64.085,60.19,63.85,17078148.0,WDC
2024-03-04,64.55,64.59,62.795,63.87,6230492.0,WDC
2024-03-05,62.85,63.84,61.72,63.04,7135754.0,WDC
2024-03-06,64.48,65.47,63.14,64.25,9295189.0,WDC
2024-03-07,64.38,64.61,63.01,63.83,6825291.0,WDC
2024-03-08,64.42,65.28,62.36,62.55,6527610.0,WDC
2024-03-11,61.85,62.375,60.62,61.6,7265292.0,WDC
2024-03-12,62.2,62.905,61.24,62.52,5705511.0,WDC
2024-03-13,62.2,62.55,61.57,62.03,3455850.0,WDC
2024-03-14,61.88,61.94,59.695,60.35,3454575.0,WDC
2024-03-15,59.78,60.08,59.15,59.34,5758946.0,WDC
2024-03-18,59.58,60.02,58.54,58.86,3864938.0,WDC
2024-03-19,58.46,59.81,58.02,59.36,4329690.0,WDC
2024-03-20,59.75,60.37,58.96,60.27,4236137.0,WDC
2024-03-21,64.35,65.555,63.27,63.29,11606084.0,WDC
2024-03-22,63.16,63.96,62.64,63.49,5439390.0,WDC
2024-03-25,62.73,65.08,62.58,64.53,6258763.0,WDC
2024-03-26,65.35,68.83,65.09,67.7,11428903.0,WDC
2024-03-27,68.53,68.57,65.975,67.19,6283168.0,WDC
2024-03-28,67.94,68.74,67.6,67.79,7935456.0,WDC
2024-04-01,68.47,71.9,68.44,70.4,12500663.0,WDC
2024-04-02,69.05,69.27,67.29,68.38,6646919.0,WDC
2024-04-03,68.48,71.67,67.645,71.17,10929097.0,WDC
2024-04-04,72.69,74.41,69.88,70.09,9698340.0,WDC
2024-04-05,72.71,73.01,70.34,72.66,8263754.0,WDC
2024-04-08,74.55,76.47,71.12,72.5,7550403.0,WDC
2024-04-09,75.23,75.3,71.08,72.2,8326470.0,WDC
2024-04-10,71.11,72.64,70.56,71.8,7681332.0,WDC
2024-04-11,72.03,73.74,71.49,73.45,5928473.0,WDC
2024-04-12,72.8,72.87,71.28,71.61,5328713.0,WDC
2024-04-15,72.6,72.9,69.61,69.98,5627268.0,WDC
2024-04-16,69.54,70.8,68.74,70.61,4467604.0,WDC
2024-04-17,71.76,72.75,69.46,69.72,6524443.0,WDC
2024-04-18,69.51,70.27,67.78,67.87,4347218.0,WDC
2024-04-19,67.04,67.96,65.16,65.6,7029933.0,WDC
2024-04-22,65.9,67.75,65.39,66.6,6832574.0,WDC
2024-04-23,66.75,69.785,66.75,69.47,7710628.0,WDC
2024-04-24,70.6,71.68,67.71,69.1,7400111.0,WDC
2024-04-25,66.29,69.65,64.78,68.99,8613203.0,WDC
2024-04-26,70.55,71.33,66.535,70.91,13869015.0,WDC
2024-04-29,70.64,71.99,68.535,69.41,8998608.0,WDC
2024-04-30,69.24,71.71,69.12,70.38,7783293.0,WDC
2024-05-01,69.72,71.54,68.42,70.06,8642317.0,WDC
2024-05-02,70.2,70.36,67.46,69.27,6375545.0,WDC
2024-05-03,70.55,71.19,69.63,70.5,6003596.0,WDC
2024-05-06,71.55,73.38,71.47,72.15,6549943.0,WDC
2024-05-07,71.83,72.3181,70.82,71.04,3932566.0,WDC
2024-05-08,70.06,71.775,69.73,71.59,4232122.0,WDC
2024-05-09,71.41,72.32,70.71,71.64,4567230.0,WDC
2024-05-10,72.37,72.81,71.13,71.15,3697990.0,WDC
2024-05-13,71.63,72.15,70.1,70.52,3828278.0,WDC
2024-05-14,70.58,73.21,70.11,73.09,7083939.0,WDC
2024-05-15,73.59,75.315,73.43,75.24,7974091.0,WDC
2024-05-16,75.05,75.4,73.6,73.65,4969169.0,WDC
2024-05-17,73.01,73.2312,71.53,71.65,6195169.0,WDC
2024-05-20,71.95,73.79,71.92,72.6,5603313.0,WDC
2024-05-21,71.249,74.23,70.75,73.56,4766902.0,WDC
2024-05-22,73.85,73.92,72.15,73.09,3446940.0,WDC
2024-05-23,75.23,76.44,73.4,73.71,5375103.0,WDC
2024-05-24,74.3,75.03,73.55,74.36,2743519.0,WDC
2024-05-28,75.3,76.0731,74.82,75.69,4779279.0,WDC
2024-05-29,74.792,77.21,74.65,76.98,7524244.0,WDC
2024-05-30,76.23,76.3,73.99,75.06,6287316.0,WDC
2024-05-31,75.06,75.69,72.3,74.84,7700824.0,WDC
2024-06-03,75.33,75.75,73.6674,74.53,4161708.0,WDC
2024-06-04,74.3,74.45,72.81,73.49,3823858.0,WDC
2024-06-05,74.53,76.705,74.295,76.45,5501195.0,WDC
2024-06-06,76.25,76.4399,74.6517,74.8,3877715.0,WDC
2024-06-07,74.43,75.355,74.01,74.53,5640273.0,WDC
2024-06-10,74.01,76.84,73.9,76.65,6080399.0,WDC
2024-06-11,76.62,77.02,75.43,76.07,3928388.0,WDC
2024-06-12,77.21,79.39,76.95,78.74,5619576.0,WDC
2024-06-13,78.52,80.025,78.287,79.13,6791394.0,WDC
2024-06-14,77.71,78.55,76.46,77.67,3152338.0,WDC
2024-06-17,77.55,79.6171,76.82,79.41,4672497.0,WDC
2024-06-18,79.92,81.1,79.18,79.78,5463478.0,WDC
2024-06-20,79.91,80.0166,75.62,75.84,5902130.0,WDC
2024-06-21,75.38,76.35,74.25,75.32,6824900.0,WDC
2024-06-24,74.855,75.99,74.39,74.95,5122733.0,WDC
2024-06-25,75.29,76.61,74.7,76.41,3764357.0,WDC
2024-06-26,76.39,76.68,74.56,75.02,3662798.0,WDC
2024-06-27,74.23,77.29,73.36,76.17,4344871.0,WDC
2024-06-28,76.05,77.73,75.06,75.32,8582800.0,WDC
2024-07-01,75.76,76.165,73.93,75.93,3605198.0,WDC
2024-07-02,75.32,77.66,75.01,77.6,2701416.0,WDC
2024-07-03,77.59,78.19,77.02,77.34,1957552.0,WDC
2024-07-05,77.56,77.56,76.395,76.72,2313882.0,WDC
2024-07-08,77.26,78.67,76.88,78.05,3704822.0,WDC
2024-07-09,78.01,79.3,77.69,77.98,3117569.0,WDC
2024-07-10,78.71,79.93,78.295,79.79,4428537.0,WDC
2024-07-11,79.71,79.75,76.84,77.39,4130602.0,WDC
2024-07-12,77.09,78.83,76.41,78.32,4553849.0,WDC
2024-07-15,79.05,79.64,77.54,78.37,5405269.0,WDC
2024-07-16,77.79,78.6597,76.53,76.61,4256731.0,WDC
2024-07-17,75.035,75.12,71.22,71.34,10699880.0,WDC
2024-07-18,72.085,72.14,68.37,69.79,8726669.0,WDC
2024-07-19,70.2,71.2,68.755,69.37,4315889.0,WDC
2024-07-22,70.77,72.7,70.24,72.61,5421088.0,WDC
2024-07-23,71.91,73.0,71.9,72.51,2789207.0,WDC
2024-07-24,72.46,73.92,71.38,71.56,6386890.0,WDC
2024-07-25,68.03,68.63,65.95,66.04,13600955.0,WDC
2024-07-26,67.35,67.85,66.59,67.81,4473016.0,WDC
2024-07-29,68.55,68.72,65.595,65.98,6353855.0,WDC
2024-07-30,66.08,66.19,62.64,62.73,9253465.0,WDC
2024-07-31,65.92,67.17,64.22,66.6,13538762.0,WDC
2024-08-01,59.89,62.74,57.66,60.08,26887601.0,WDC
2024-08-02,57.96,58.0,55.11,56.78,13250387.0,WDC
2024-08-05,53.58,57.21,52.32,56.54,10891317.0,WDC
2024-08-06,56.17,58.35,56.17,56.93,9543657.0,WDC
2024-08-07,58.2,59.075,55.28,55.8,8197134.0,WDC
2024-08-08,57.14,58.99,56.01,58.53,6066992.0,WDC
2024-08-09,58.55,59.47,57.68,59.23,5335084.0,WDC
2024-08-12,59.23,61.04,58.57,59.92,6863829.0,WDC
2024-08-13,60.54,61.51,60.36,61.13,5104705.0,WDC
2024-08-14,61.8,62.3,60.16,61.06,4512539.0,WDC
2024-08-15,62.25,63.3,61.46,63.05,5661350.0,WDC
2024-08-16,62.72,63.98,62.49,63.6,4496770.0,WDC
2024-08-19,63.35,64.78,62.74,64.65,5146999.0,WDC
2024-08-20,64.6,64.69,63.78,63.97,3704445.0,WDC
2024-08-21,64.44,64.65,63.45,64.58,4308452.0,WDC
2024-08-22,64.34,65.04,63.4,63.59,3177516.0,WDC
2024-08-23,63.8,64.585,63.0,63.9,3045070.0,WDC
2024-08-26,63.44,63.84,61.98,62.24,3247043.0,WDC
2024-08-27,61.38,62.65,60.71,62.4,5045809.0,WDC
2024-08-28,61.76,62.26,60.66,61.98,4673037.0,WDC
2024-08-29,62.82,63.77,61.75,62.58,4321223.0,WDC
2024-08-30,63.67,65.24,63.0,65.14,6416344.0,WDC
2024-09-03,64.07,64.07,61.75,62.61,5891571.0,WDC
2024-09-04,61.51,63.36,61.02,62.5,3681225.0,WDC
2024-09-05,61.94,63.145,61.94,62.16,2316633.0,WDC
2024-09-06,61.7,62.07,59.55,60.32,4150872.0,WDC
2024-09-09,61.46,62.33,60.955,62.16,4171030.0,WDC
2024-09-10,62.11,62.88,61.6,62.34,3287348.0,WDC
2024-09-11,62.83,63.0,60.5,62.86,3617494.0,WDC
2024-09-12,62.86,63.6499,61.8925,62.8,3982413.0,WDC
2024-09-13,63.14,64.69,63.14,64.57,3581464.0,WDC
2024-09-16,63.63,63.88,62.82,63.64,4492209.0,WDC
2024-09-17,64.22,65.8,63.98,65.44,5202316.0,WDC
2024-09-18,64.95,65.6,63.655,63.97,4439326.0,WDC
2024-09-19,65.94,66.13,64.91,65.52,4820170.0,WDC
2024-09-20,64.8,66.43,64.53,66.3,7683595.0,WDC
2024-09-23,66.58,66.89,65.83,65.84,2908058.0,WDC
2024-09-24,65.84,66.41,63.74,66.01,6649940.0,WDC
2024-09-25,65.46,65.89,64.81,65.55,3791382.0,WDC
2024-09-26,69.87,70.98,68.06,70.01,8834885.0,WDC
2024-09-27,70.01,70.01,68.375,68.97,4091780.0,WDC
2024-09-30,68.44,69.11,67.53,67.84,5326989.0,WDC
2024-10-01,67.64,67.82,66.03,66.31,3490173.0,WDC
2024-10-02,66.18,67.65,65.97,66.07,3828571.0,WDC
2024-10-03,65.55,67.225,65.365,66.13,3964252.0,WDC
2024-10-04,67.4,67.51,65.44,65.9,4564717.0,WDC
2024-10-07,65.82,66.83,65.42,65.99,3261349.0,WDC
2024-10-08,66.09,66.3,65.23,65.72,3874353.0,WDC
2024-10-09,65.31,65.39,63.705,64.03,4436661.0,WDC
2024-10-10,63.16,64.445,63.0,63.6,3511914.0,WDC
2024-10-11,63.28,64.92,63.23,64.43,4046534.0,WDC
2024-10-14,64.99,66.44,64.95,66.38,4426784.0,WDC
2024-10-15,66.55,68.275,66.4,66.5,5974569.0,WDC
2024-10-16,66.55,67.61,66.07,67.34,4441272.0,WDC
2024-10-17,68.35,68.51,66.7,66.9,3647768.0,WDC
2024-10-18,67.47,67.75,66.21,66.58,2949079.0,WDC
2024-10-21,66.22,67.21,65.62,66.81,5074571.0,WDC
2024-10-22,66.355,67.72,65.51,67.31,6289231.0,WDC
2024-10-23,66.67,67.335,65.48,66.16,5476308.0,WDC
2024-10-24,66.86,67.0899,65.75,65.87,8803084.0,WDC
2024-10-25,72.135,73.05,68.8701,69.0,17644349.0,WDC
2024-10-28,69.16,70.67,67.82,69.26,7901948.0,WDC
2024-10-29,69.41,69.55,67.305,67.85,6251012.0,WDC
2024-10-30,67.33,68.7699,66.515,66.57,4689002.0,WDC
2024-10-31,66.06,67.01,64.55,64.86,4571939.0,WDC
2024-11-01,65.3,66.66,65.15,65.43,3824428.0,WDC
2024-11-04,65.2,66.04,64.655,64.77,2705047.0,WDC
2024-11-05,65.05,66.68,65.05,66.38,4173013.0,WDC
2024-11-06,68.41,69.74,67.805,69.46,5724328.0,WDC
2024-11-07,70.05,70.78,69.25,69.99,3767528.0,WDC
2024-11-08,69.55,69.99,68.73,69.16,3517541.0,WDC
2024-11-11,69.62,69.69,66.83,66.93,4453110.0,WDC
2024-11-12,65.75,66.06,62.595,63.51,8476982.0,WDC
2024-11-13,63.3,63.3,61.845,62.28,4532010.0,WDC
2024-11-14,62.3,63.24,62.27,62.77,3631276.0,WDC
2024-11-15,62.0,62.67,61.85,62.35,3501913.0,WDC
2024-11-18,62.395,64.23,62.138,64.13,3629064.0,WDC
2024-11-19,63.54,64.96,63.2429,64.84,2866496.0,WDC
2024-11-20,65.2,65.23,62.37,63.39,3827718.0,WDC
2024-11-21,64.02,66.06,63.45,65.43,4039462.0,WDC
2024-11-22,65.96,66.37,65.39,65.98,5180909.0,WDC
2024-11-25,66.65,69.48,66.61,68.975,8818802.0,WDC
2024-11-26,68.92,72.79,68.91,72.57,10727963.0,WDC
2024-11-27,72.59,73.03,70.15,71.05,10284341.0,WDC
2024-11-29,71.55,73.2,71.22,72.54,2724227.0,WDC
2024-12-02,72.73,73.47,72.22,72.98,5392591.0,WDC
2024-12-03,72.66,73.66,69.74,71.24,5377689.0,WDC
2024-12-04,72.14,72.14,70.14,71.89,4170092.0,WDC
2024-12-05,71.9,73.38,71.485,71.66,3116239.0,WDC
2024-12-06,71.96,72.23,70.2201,70.62,3760708.0,WDC
2024-12-09,70.52,71.345,70.19,70.29,3124607.0,WDC
2024-12-10,70.35,70.54,67.86,68.37,3300134.0,WDC
2024-12-11,69.25,69.95,68.71,69.45,2580800.0,WDC
2024-12-12,69.45,69.585,64.54,65.54,9876529.0,WDC
2024-12-13,65.78,65.82,64.25,64.67,7996985.0,WDC
2024-12-16,64.08,66.15,63.6,64.85,5392774.0,WDC
2024-12-17,64.75,65.56,64.12,64.19,3918120.0,WDC
2024-12-18,65.99,66.75,62.65,63.09,5550244.0,WDC
2024-12-19,61.47,61.86,58.96,59.17,13538829.0,WDC
2024-12-20,58.76,61.0,58.54,59.79,12732635.0,WDC
2024-12-23,59.56,61.16,59.56,61.11,4111155.0,WDC
2024-12-24,60.91,61.3,60.67,61.25,1509868.0,WDC
2024-12-26,61.06,61.75,61.02,61.26,2146019.0,WDC
2024-12-27,60.92,61.16,59.95,60.25,4161957.0,WDC
2024-12-30,59.21,59.685,58.37,59.17,4409900.0,WDC
2024-12-31,59.22,60.01,58.92,59.18,3935043.0,WDC
2025-01-02,59.41,62.4,59.41,61.42,5272751.0,WDC
2025-01-03,61.6,63.67,61.6,63.62,4145498.0,WDC
2025-01-06,64.85,67.015,64.815,65.2,6633215.0,WDC
2025-01-07,65.41,66.18,64.34,64.42,4521858.0,WDC
2025-01-08,63.65,64.4,62.94,63.61,4616563.0,WDC
2025-01-10,62.66,63.33,60.835,62.37,4653281.0,WDC
2025-01-13,61.31,62.47,60.91,61.57,3951710.0,WDC
2025-01-14,62.02,62.75,61.46,62.29,4478378.0,WDC
2025-01-15,63.61,65.31,63.55,64.18,5007164.0,WDC
2025-01-16,63.89,64.61,62.96,63.8,5310192.0,WDC
2025-01-17,64.885,65.89,63.35,64.59,7160489.0,WDC
2025-01-21,65.18,67.735,64.84,66.98,7045600.0,WDC
2025-01-22,68.05,70.04,67.83,68.18,9340485.0,WDC
2025-01-23,67.16,68.53,67.007,68.23,7059483.0,WDC
2025-01-24,68.46,68.99,66.91,66.96,6046619.0,WDC
2025-01-27,65.16,65.16,62.49,63.95,7592305.0,WDC
2025-01-28,64.12,64.24,61.37,62.42,7293613.0,WDC
2025-01-29,63.28,63.7,61.94,62.35,10666627.0,WDC
2025-01-30,66.0,67.14,63.25,65.33,16554238.0,WDC
2025-01-31,64.75,67.51,64.3818,64.68,8220292.0,WDC
2025-02-03,63.582,65.83,63.09,63.97,6359754.0,WDC
2025-02-04,63.38,64.81,62.855,63.36,5171141.0,WDC
2025-02-05,63.36,64.81,62.96,64.27,5341788.0,WDC
2025-02-06,64.46,65.015,63.705,64.03,3073189.0,WDC
2025-02-07,64.29,65.1,63.12,64.01,3817572.0,WDC
2025-02-10,65.15,68.91,65.04,68.59,10480236.0,WDC
2025-02-11,68.35,70.25,67.62,68.47,9233332.0,WDC
2025-02-12,67.765,68.57,65.85,66.83,8269825.0,WDC
2025-02-13,66.91,67.83,66.22,67.11,5593676.0,WDC
2025-02-14,67.42,68.42,67.02,67.94,5677878.0,WDC
2025-02-18,69.76,71.64,69.44,71.58,9363566.0,WDC
2025-02-19,71.205,71.81,70.73,71.05,5238568.0,WDC
2025-02-20,71.05,71.3,69.46,70.84,4625363.0,WDC
2025-02-21,71.21,71.21,67.32,68.255,9057427.0,WDC
2025-02-24,52.16,52.22,47.78,48.57,18354424.0,WDC
2025-02-25,48.26,50.68,48.26,48.62,11679707.0,WDC
2025-02-26,49.32,50.26,48.32,49.71,8546974.0,WDC
2025-02-27,50.04,51.03,47.66,47.75,9392007.0,WDC
2025-02-28,47.88,49.63,47.55,48.48,9268500.0,WDC
2025-03-03,49.09,49.38,46.05,46.56,8841772.0,WDC
2025-03-04,45.76,45.9,43.8,44.18,11765372.0,WDC
2025-03-05,44.21,44.24,42.8,43.75,7615573.0,WDC
2025-03-06,42.47,42.67,40.905,41.0,11790028.0,WDC
2025-03-07,41.04,42.03,39.9644,41.25,12084734.0,WDC
2025-03-10,40.23,40.435,38.965,40.09,10563522.0,WDC
2025-03-11,39.95,42.39,39.86,41.35,9283715.0,WDC
2025-03-12,42.16,43.25,41.81,42.51,5998741.0,WDC
2025-03-13,42.12,42.59,41.2568,41.58,5495074.0,WDC
2025-03-14,42.74,44.4,42.5,44.08,7882064.0,WDC
2025-03-17,44.11,44.99,43.97,44.3,5734431.0,WDC
2025-03-18,44.09,44.11,43.22,43.89,5206074.0,WDC
2025-03-19,43.92,44.98,43.7,44.45,3603170.0,WDC
2025-03-20,43.81,45.0799,43.795,44.06,4909895.0,WDC
2025-03-21,43.44,43.66,42.73,43.21,7713151.0,WDC
2025-03-24,44.25,44.405,42.995,43.86,5619790.0,WDC
2025-03-25,43.64,43.83,42.09,42.94,8749527.0,WDC
2025-03-26,43.05,43.18,41.76,42.17,7243958.0,WDC
2025-03-27,41.75,42.46,41.4144,41.46,4909731.0,WDC
2025-03-28,40.95,41.54,40.04,40.17,4640099.0,WDC
2025-03-31,39.34,40.055,38.6475,39.98,8212151.0,WDC
2025-04-01,39.65,40.52,39.4,40.44,5292692.0,WDC
2025-04-02,39.87,41.775,39.81,41.33,5017214.0,WDC
2025-04-03,38.31,38.45,33.555,33.7,21307159.0,WDC
2025-04-04,32.26,32.65,29.305,30.09,22939119.0,WDC
2025-04-07,29.17,32.96,28.38,30.71,14472073.0,WDC
2025-04-08,32.2,34.335,30.27,31.1,17547238.0,WDC
2025-04-09,30.89,36.919,30.12,35.85,20134719.0,WDC
2025-04-10,35.35,35.67,33.26,34.42,15245506.0,WDC
2025-04-11,33.91,34.62,32.97,33.95,8653888.0,WDC
2025-04-14,36.01,36.17,34.83,35.37,9947286.0,WDC
2025-04-15,35.36,35.88,35.03,35.48,6199499.0,WDC
2025-04-16,35.34,35.8,34.55,35.17,7265336.0,WDC
2025-04-17,35.73,36.25,35.06,36.06,7393622.0,WDC
2025-04-21,35.64,35.8272,35.06,35.51,6676630.0,WDC
2025-04-22,35.91,36.55,35.53,36.23,5086929.0,WDC
2025-04-23,37.88,38.645,37.02,37.25,5525994.0,WDC
2025-04-24,37.78,39.91,37.74,39.72,5943848.0,WDC
2025-04-25,39.75,40.62,39.45,40.33,4158510.0,WDC
2025-04-28,40.14,40.675,39.73,40.46,5916404.0,WDC
2025-04-29,40.26,40.8,40.135,40.17,6871713.0,WDC
2025-04-30,42.53,43.62,41.38,43.41,15905774.0,WDC
2025-05-01,44.25,44.7,43.41,43.5,9378228.0,WDC
2025-05-02,44.54,44.93,44.03,44.24,8263465.0,WDC
2025-05-05,43.5,45.16,43.5,44.58,7521932.0,WDC
2025-05-06,44.13,44.46,43.66,43.84,4952227.0,WDC
2025-05-07,43.96,44.21,43.15,43.85,7564597.0,WDC
2025-05-08,44.5,44.6799,43.72,43.85,5320670.0,WDC
2025-05-09,44.2098,44.78,43.43,43.65,4960105.0,WDC
2025-05-12,46.43,47.04,45.945,46.12,6957364.0,WDC
2025-05-13,46.6,49.42,46.2301,48.56,8113667.0,WDC
2025-05-14,48.38,49.39,48.125,48.75,8649610.0,WDC
2025-05-15,48.72,49.315,48.36,49.3,8249280.0,WDC
2025-05-16,49.55,49.815,49.09,49.54,4955561.0,WDC
2025-05-19,48.61,50.35,48.57,50.27,5283116.0,WDC
2025-05-20,50.27,51.14,49.9,50.18,4930329.0,WDC
2025-05-21,49.675,50.805,48.875,49.04,7278756.0,WDC
2025-05-22,49.11,50.64,48.83,49.39,5802741.0,WDC
2025-05-23,48.77,49.94,48.55,49.73,5763142.0,WDC
2025-05-27,50.62,51.54,50.17,51.37,6374512.0,WDC
2025-05-28,51.32,52.34,51.19,51.9,6782068.0,WDC
2025-05-29,52.77,52.9,51.54,52.1,4571539.0,WDC
2025-05-30,51.58,51.955,50.8,51.1,7402768.0,WDC
2025-06-02,50.98,51.96,50.72,51.74,4214515.0,WDC
2025-06-03,51.89,53.47,51.43,53.32,5635276.0,WDC
2025-06-04,53.65,54.41,53.12,54.08,4739539.0,WDC
2025-06-05,54.53,55.26,53.87,54.7,10981445.0,WDC
2025-06-06,55.56,56.4,55.07,55.1,5952136.0,WDC
2025-06-09,56.18,57.105,55.73,56.67,6549905.0,WDC
2025-06-10,56.85,57.04,55.22,55.6,7168069.0,WDC
2025-06-11,56.06,56.485,54.83,55.32,4411407.0,WDC
2025-06-12,54.93,55.7,54.7821,55.43,3608734.0,WDC
2025-06-13,54.5,55.92,54.25,55.35,10554374.0,WDC
2025-06-16,56.14,57.34,55.915,57.06,5552233.0,WDC
2025-06-17,57.725,60.24,57.525,58.22,9616471.0,WDC
2025-06-18,58.34,59.58,58.18,58.84,6647702.0,WDC
2025-06-20,59.53,59.585,58.62,58.94,9426256.0,WDC
2025-06-23,58.65,60.16,58.31,60.03,4626889.0,WDC
2025-06-24,60.44,61.97,60.215,61.72,6021027.0,WDC
2025-06-25,62.18,62.54,61.78,62.2,4530096.0,WDC
2025-06-26,62.3,63.41,62.18,63.16,5930286.0,WDC
2025-06-27,63.16,63.31,62.3,62.94,6642288.0,WDC
2025-06-30,63.25,63.99,62.76,63.64,6074639.0,WDC
2025-07-01,63.33,63.86,62.59,63.49,5360524.0,WDC
2025-07-02,63.29,65.58,62.6622,65.43,7124928.0,WDC
2025-07-03,65.58,66.48,65.42,65.73,5146459.0,WDC
2025-07-07,65.45,65.775,64.61,64.865,6232109.0,WDC
2025-07-08,65.58,65.65,63.32,63.67,8355065.0,WDC
2025-07-09,63.99,64.77,63.81,64.29,8534221.0,WDC
2025-07-10,64.61,65.255,64.235,64.71,3917291.0,WDC
2025-07-11,64.4,66.28,63.88,65.79,5339154.0,WDC
2025-07-14,65.69,66.9952,64.89,66.58,5100106.0,WDC
2025-07-15,67.6,67.71,66.82,67.18,6335108.0,WDC
2025-07-16,67.18,67.25,65.445,66.18,4780218.0,WDC
2025-07-17,66.16,67.325,66.0,66.67,6211216.0,WDC
2025-07-18,67.51,68.17,66.915,67.65,4275296.0,WDC
2025-07-21,67.84,68.42,67.35,68.39,4127944.0,WDC
2025-07-22,68.18,68.4177,65.69,66.71,5096706.0,WDC
2025-07-23,67.26,69.25,67.225,68.97,7210608.0,WDC
2025-07-24,68.85,69.27,67.99,68.67,8054264.0,WDC
2025-07-25,68.9,69.3697,66.16,68.47,7880376.0,WDC
2025-07-28,69.05,69.27,68.315,68.635,4508736.0,WDC
2025-07-29,69.1,70.96,69.055,70.26,8861340.0,WDC
2025-07-30,69.1,71.46,68.95,71.08,13984025.0,WDC
2025-07-31,73.9,78.4494,72.9,78.34,24012692.0,WDC
2025-08-01,75.36,76.67,74.14,76.2,8789651.0,WDC
2025-08-04,77.42,77.67,75.7036,76.94,5097441.0,WDC
2025-08-05,77.585,77.86,73.855,75.49,5898184.0,WDC
2025-08-06,75.575,76.11,73.155,73.43,7647042.0,WDC
2025-08-07,73.36,74.265,73.09,74.09,6938319.0,WDC
2025-08-08,74.58,75.45,74.14,74.62,4983806.0,WDC
2025-08-11,74.97,76.32,74.02,74.29,7303017.0,WDC
2025-08-12,74.55,75.58,74.27,75.56,7694712.0,WDC
2025-08-13,75.93,76.83,75.32,75.72,5298493.0,WDC
2025-08-14,74.93,76.26,74.3735,75.89,6621407.0,WDC
2025-08-15,76.15,76.23,74.19,74.71,4258486.0,WDC
2025-08-18,74.44,76.07,74.275,75.94,5191630.0,WDC
2025-08-19,75.55,76.11,74.76,75.51,3770798.0,WDC
2025-08-20,75.33,75.33,72.79,75.29,5478303.0,WDC
2025-08-21,75.4,75.65,74.065,74.31,5490327.0,WDC
2025-08-22,74.43,77.0,74.22,76.62,6521553.0,WDC
2025-08-25,76.62,79.49,76.35,78.87,5401371.0,WDC
2025-08-26,78.75,79.95,78.75,79.36,8724641.0,WDC
2025-08-27,79.9,80.45,79.2,80.32,5536507.0,WDC
2025-08-28,80.55,81.81,80.35,81.69,4557389.0,WDC
2025-08-29,81.22,81.97,79.45,79.99,5004338.0,WDC
2025-09-02,78.165,81.585,77.55,81.56,5777741.0,WDC
2025-09-03,83.75,85.925,82.99,85.65,12194690.0,WDC
2025-09-04,86.14,90.65,85.67,90.25,13542453.0,WDC
2025-09-05,92.24,92.85,91.18,91.79,20310202.0,WDC
2025-09-08,92.29,93.25,91.4,93.04,8499349.0,WDC
2025-09-09,92.75,95.115,92.45,94.29,7195030.0,WDC
2025-09-10,95.635,95.93,93.67,94.77,8398279.0,WDC
2025-09-11,96.62,97.53,94.162,95.9,6985013.0,WDC
2025-09-12,95.96,98.605,95.73,97.41,6753043.0,WDC
2025-09-15,100.195,103.53,99.75,102.14,12523263.0,WDC
2025-09-16,102.28,103.73,101.185,102.84,8734687.0,WDC
2025-09-17,101.975,102.1468,99.47,100.69,8787319.0,WDC
2025-09-18,102.205,105.86,101.75,104.9,10388876.0,WDC
2025-09-19,105.63,106.93,105.07,106.38,11030661.0,WDC
2025-09-22,106.96,112.58,106.96,112.16,9686227.0,WDC
2025-09-23,112.23,113.505,109.15,110.0,7375276.0,WDC
2025-09-24,110.585,112.56,108.66,109.44,8412582.0,WDC
2025-09-25,106.37,108.45,106.04,106.96,8499388.0,WDC
2025-09-26,107.22,107.81,105.17,106.63,5519908.0,WDC
2025-09-29,111.77,117.887,111.58,116.49,14023586.0,WDC
2025-09-30,117.555,122.3399,117.2,119.81,13861674.0,WDC
2025-10-01,117.925,130.87,117.26,130.34,18540368.0,WDC
2025-10-02,135.76,137.15,128.175,131.01,15306187.0,WDC
2025-10-03,131.49,135.965,129.68,131.06,8465740.0,WDC
2025-10-06,134.75,135.947,124.69,125.03,13060186.0,WDC
2025-10-07,127.215,127.39,117.56,119.68,13674216.0,WDC
2025-10-08,120.52,123.05,119.1625,120.93,7191594.0,WDC
2025-10-09,119.53,120.59,117.75,119.45,6234317.0,WDC
2025-10-10,119.75,121.695,114.78,115.17,7046122.0,WDC
2025-10-13,122.0,122.31,115.76,118.61,8388650.0,WDC
2025-10-14,115.86,117.0299,112.2701,112.88,7844130.0,WDC
2025-10-15,116.45,120.39,113.25,120.19,9943214.0,WDC
2025-10-16,123.02,130.15,122.1534,125.67,13878515.0,WDC
2025-10-17,124.62,128.871,123.2001,125.95,6868350.0,WDC
2025-10-20,128.69,131.75,119.6,121.28,10172156.0,WDC
2025-10-21,121.22,121.74,119.35,121.16,4594251.0,WDC
2025-10-22,120.92,124.87,116.98,120.22,9033490.0,WDC
2025-10-23,121.7,126.47,121.465,125.47,7263451.0,WDC
2025-10-24,129.15,133.29,128.78,129.18,6546348.0,WDC
2025-10-27,132.75,132.85,122.97,126.42,7248841.0,WDC
2025-10-28,126.45,126.57,121.6,124.67,7031803.0,WDC
2025-10-29,131.18,145.43,131.0,141.13,18267279.0,WDC
2025-10-30,137.505,141.747,134.76,137.88,13870644.0,WDC
2025-10-31,155.25,157.4,139.9,149.96,20139560.0,WDC
2025-11-03,151.82,159.96,147.8,157.77,13275188.0,WDC
2025-11-04,151.09,154.93,149.77,151.93,8870892.0,WDC
2025-11-05,152.95,165.14,152.73,159.85,9749000.0,WDC
2025-11-06,159.74,167.25,159.55,163.35,8419043.0,WDC
2025-11-07,159.51,162.99,152.56,162.705,9652150.0,WDC
2025-11-10,169.72,175.9757,169.07,173.97,11230556.0,WDC
2025-11-11,171.3,178.2,169.39,169.74,9244008.0,WDC
2025-11-12,169.48,175.37,164.78,165.86,9868035.0,WDC
2025-11-13,162.2,164.6323,154.525,156.91,10238583.0,WDC
2025-11-14,150.33,161.43,149.83,157.58,9677673.0,WDC
2025-11-17,155.255,167.24,155.255,162.2,8773937.0,WDC
2025-11-18,158.105,161.07,150.5,152.61,9320853.0,WDC
2025-11-19,152.61,156.3858,149.83,153.72,6498955.0,WDC
2025-11-20,162.429,163.53,137.3814,139.98,11373450.0,WDC
2025-11-21,140.285,141.241,132.18,138.94,11191147.0,WDC
2025-11-24,142.295,152.4538,142.295,150.68,10818359.0,WDC
2025-11-25,149.75,155.76,147.45,155.16,5467633.0,WDC
2025-11-26,156.73,161.0599,156.11,157.49,4853768.0,WDC
2025-11-28,159.75,163.42,156.54,163.08,3222276.0,WDC
2025-12-01,159.95,165.0,156.98,163.29,7882195.0,WDC
2025-12-02,166.75,169.47,156.02,159.74,7657354.0,WDC
2025-12-03,159.27,159.295,151.17,155.34,6756280.0,WDC
2025-12-04,154.785,161.405,152.8851,160.875,6303264.0,WDC
2025-12-05,161.875,169.345,161.875,168.765,5815322.0,WDC
2025-12-08,170.805,172.875,166.625,169.655,4272196.0,WDC
2025-12-09,169.575,171.7202,166.755,169.415,3709824.0,WDC
2025-12-10,169.58,182.345,168.7794,181.825,7965756.0,WDC
2025-12-11,176.69,188.645,173.321,187.075,7468397.0,WDC
2025-12-12,184.215,185.695,169.895,176.215,9677906.0,WDC
2025-12-15,178.165,180.855,171.695,171.915,5781715.0,WDC
2025-12-16,171.955,177.255,170.619,174.45,5856916.0,WDC
2025-12-17,179.775,181.5425,165.3449,166.135,6692779.0,WDC
2025-12-18,174.675,181.3649,174.3014,174.885,9146892.0,WDC
2025-12-19,176.705,185.145,175.555,180.955,36269607.0,WDC
2025-12-22,186.34,187.055,171.724,176.635,8685019.0,WDC
2025-12-23,175.395,178.275,174.375,178.125,3721027.0,WDC
2025-12-24,179.08,182.425,177.65,179.435,2478090.0,WDC
2025-12-26,182.185,182.395,178.06,181.415,3351556.0,WDC
2025-12-29,178.875,184.6449,176.575,179.555,3906332.0,WDC
2025-12-30,180.145,181.335,175.1376,175.935,6007986.0,WDC
2025-12-31,176.645,176.875,171.135,172.145,3552232.0,WDC
2026-01-02,177.075,187.645,176.5751,187.575,6808311.0,WDC
2026-01-05,193.045,195.735,182.675,187.755,9826663.0,WDC
2026-01-06,189.49,221.105,188.23,219.255,17178384.0,WDC
2026-01-07,211.86,212.7294,194.995,199.755,14304931.0,WDC
2026-01-08,200.385,200.7749,180.575,187.555,11902238.0,WDC
2026-01-09,187.725,200.795,185.875,200.335,9887617.0,WDC
2026-01-12,193.375,213.305,193.375,212.015,7465393.0,WDC
2026-01-13,209.135,217.875,208.355,213.875,6485517.0,WDC
2026-01-14,213.875,218.395,210.015,214.875,5611859.0,WDC
2026-01-15,223.775,230.355,220.875,221.975,7535977.0,WDC
2026-01-16,228.665,229.865,216.705,221.385,8972805.0,WDC
2026-01-20,220.675,230.145,219.875,222.845,7125439.0,WDC
2026-01-21,227.88,244.775,225.975,241.775,9446914.0,WDC
2026-01-22,246.585,247.8105,228.225,243.165,8926714.0,WDC
2026-01-23,240.625,243.125,232.075,236.265,6115287.0,WDC
2026-01-26,235.975,250.315,234.1936,240.725,7128235.0,WDC
2026-01-27,243.965,256.375,243.575,252.535,7483024.0,WDC
2026-01-28,263.325,283.875,260.6748,279.575,16090469.0,WDC
2026-01-29,284.875,285.295,268.225,278.285,15769932.0,WDC
2026-01-30,278.115,283.574,237.4543,250.105,21694789.0,WDC
2026-02-02,243.63,275.575,241.245,270.105,16019328.0,WDC
2026-02-03,279.385,296.375,271.575,290.115,15378354.0,WDC
2026-02-04,285.24,294.8649,254.205,269.285,14795641.0,WDC
2026-02-05,255.945,269.755,254.78,260.065,10663920.0,WDC
2026-02-06,270.365,283.805,261.875,282.455,9913258.0,WDC
2026-02-09,279.665,295.3025,271.405,285.865,8044692.0,WDC
2026-02-10,279.905,283.695,260.6251,262.435,9560609.0,WDC
2026-02-11,274.955,279.665,266.215,273.615,9362651.0,WDC
2026-02-12,284.875,307.375,282.875,283.975,16651162.0,WDC
2026-02-13,272.965,289.5379,266.335,281.455,9901551.0,WDC
2026-02-17,277.235,288.215,271.875,283.985,5524018.0,WDC
2026-02-18,288.875,309.7749,284.6651,296.435,12172838.0,WDC
2026-02-19,294.905,299.395,281.555,284.545,10399750.0,WDC
2026-02-20,277.915,297.375,277.915,285.395,10510391.0,WDC
2026-02-23,283.49,294.695,278.055,280.295,8617268.0,WDC
2026-02-24,281.815,283.8749,267.725,270.445,8679510.0,WDC
2026-02-25,280.37,297.435,280.015,290.825,10800820.0,WDC
2026-02-26,286.02,289.875,270.435,282.125,10841370.0,WDC
2026-02-27,275.675,287.705,273.975,279.575,9898779.0,WDC
2026-03-02,270.375,283.795,261.375,269.955,7408734.0,WDC
2026-03-03,254.44,256.915,244.115,250.485,9982736.0,WDC
2026-03-04,256.875,272.635,253.975,261.175,9724755.0,WDC
2026-03-05,257.05,269.61,251.67,259.03,6295743.0,WDC
2026-03-06,249.98,259.16,244.2,245.25,6352605.0,WDC
2026-03-09,239.19,262.16,238.0,262.06,10377220.0,WDC
2026-03-10,268.45,280.75,265.65,266.22,9667904.0,WDC
2026-03-11,269.8,273.0,263.76,268.81,5672208.0,WDC
2026-03-12,265.66,268.8,257.3,261.18,5426341.0,WDC
2026-03-13,265.975,278.4399,265.34,272.29,8201153.0,WDC
2026-03-16,282.79,289.87,278.7654,286.21,8565022.0,WDC
2026-03-17,288.315,314.92,284.72,313.81,14247485.0,WDC
2026-03-18,309.55,319.62,300.6,304.9,12453830.0,WDC
2026-03-19,292.07,319.2,289.03,316.93,9091272.0,WDC
2026-03-20,309.515,312.99,291.18,293.1,12876981.0,WDC
2026-03-23,298.61,316.93,283.16,294.79,8990412.0,WDC
2026-03-24,294.515,301.35,280.2,301.05,7194673.0,WDC
2026-03-25,292.0,300.72,280.75,296.14,7642047.0,WDC
2026-03-26,286.79,291.81,272.83,273.35,9726806.0,WDC
2026-03-27,274.9,282.5,270.0,275.34,6955911.0,WDC
2026-03-30,282.43,286.87,249.06,251.67,9063332.0,WDC
2026-03-31,259.0,271.09,254.5,270.49,8781515.0,WDC
2026-04-01,280.5,304.95,280.5,297.73,12919924.0,WDC
2026-04-02,278.17,298.1533,278.0,294.97,7860419.0,WDC
2026-04-06,303.18,311.59,299.1401,304.15,8531928.0,WDC
2026-04-07,297.83,312.2,295.73,311.96,5891506.0,WDC
2026-04-08,335.0,348.0,331.6567,338.78,9163402.0,WDC
2026-04-09,343.88,345.1,329.5,337.88,6391822.0,WDC
2026-04-10,343.95,349.7499,330.001,343.43,6122481.0,WDC
2026-04-13,341.55,351.87,339.5,350.16,5429378.0,WDC
2026-04-14,358.745,366.3,341.5,366.22,7300636.0,WDC
2026-04-15,362.0,365.49,351.61,365.0,6438719.0,WDC
2026-04-16,362.51,368.3979,353.11,361.69,5887421.0,WDC
2026-04-17,370.35,378.98,366.18,372.52,5626633.0,WDC
2026-04-20,375.985,380.65,366.4,374.11,5410707.0,WDC
2026-04-21,377.0,389.71,369.5,383.81,6125727.0,WDC
2026-04-22,398.565,402.0,381.76,389.1,7001833.0,WDC
2026-04-23,387.0,416.37,385.8105,403.12,6774072.0,WDC
2026-04-24,410.11,414.5,400.05,404.0,5602945.0,WDC
2026-04-27,411.73,414.0,396.2801,400.73,5788151.0,WDC
2026-04-28,384.18,396.3299,374.02,390.99,7285354.0,WDC
2026-04-29,424.352,441.99,410.05,412.76,10458021.0,WDC
2026-04-30,427.13,438.8599,422.0,434.52,11700471.0,WDC
2026-05-01,406.22,446.62,404.0,431.52,15485221.0,WDC
2026-05-04,430.73,453.8299,428.51,442.36,10175628.0,WDC
2026-05-05,455.8,480.11,455.19,465.26,9794451.0,WDC
2026-05-06,472.0,483.8699,448.99,483.15,8338889.0,WDC
2026-05-07,472.015,475.57,450.28,463.91,7162716.0,WDC
2026-05-08,475.06,483.66,469.315,480.0,7929653.0,WDC
2026-05-11,489.025,525.15,488.0,515.83,10022516.0,WDC
2026-05-12,497.85,508.6,466.8,488.74,7773025.0,WDC
2026-05-13,503.32,503.66,475.37,494.09,5772756.0,WDC
2026-05-14,484.755,507.97,480.34,489.15,5540875.0,WDC
2026-05-15,470.75,486.41,465.0,482.02,7014356.0,WDC
2026-05-18,485.335,487.0,441.67,458.68,8996635.0,WDC
2026-05-19,441.7,464.23,434.0,455.8,5891596.0,WDC
2026-05-20,469.375,469.65,456.18,459.62,5307202.0,WDC
